"INDEX(MINUTES)","DEBT-STDVM","DEBT-IQRMC","DEBT-IQRMMT","DEBT-LRMMT"
"0","0.00","0.73","0.74","0.76"
"5","0.66","0.73","0.74","0.76"
"10","0.17","0.77","0.78","0.80"
"15","0.11","0.70","0.71","0.74"
"20","0.11","0.72","0.73","0.75"
"25","0.10","0.70","0.71","0.73"
"30","0.50","0.67","0.68","0.70"
"35","0.45","0.68","0.69","0.71"
"40","0.09","0.80","0.81","0.83"
"45","0.02","0.73","0.74","0.76"
"50","0.03","0.72","0.73","0.75"
"55","0.08","0.76","0.77","0.79"
"60","0.06","0.75","0.76","0.78"
"65","0.04","0.71","0.72","0.74"
"70","0.06","0.77","0.78","0.81"
"75","0.03","0.75","0.76","0.79"
"80","0.09","0.79","0.80","0.82"
"85","0.03","0.76","0.77","0.79"
"90","0.15","0.68","0.69","0.70"
"95","0.03","0.78","0.79","0.80"
"100","0.11","0.71","0.83","0.83"
"105","0.04","0.74","0.72","0.73"
"110","0.03","0.77","0.75","0.76"
"115","0.08","0.81","0.78","0.86"
"120","0.14","0.77","0.82","0.83"
"125","0.54","0.67","0.93","0.79"
"130","0.55","0.68","0.79","0.95"
"135","0.04","0.65","0.76","0.77"
"140","0.06","0.66","0.77","0.78"
"145","0.03","0.63","0.74","0.82"
"150","0.02","0.62","0.74","0.74"
"155","0.03","0.66","0.77","0.78"
"160","0.01","0.63","0.74","0.85"
"165","0.03","0.60","0.71","0.72"
"170","0.01","0.65","0.76","0.77"
"175","0.02","0.63","0.94","0.84"
"180","0.01","0.65","0.76","0.77"
"185","0.03","0.66","0.77","0.78"
"190","0.05","0.65","0.76","0.92"
"195","0.49","0.62","0.73","0.74"
"200","0.53","0.66","0.84","0.78"
"205","0.02","0.63","0.74","0.94"
"210","0.05","0.60","0.71","0.72"
"215","0.04","0.61","0.72","0.73"
"220","0.04","0.68","0.79","0.86"
"225","0.02","0.65","0.82","0.77"
"230","0.06","0.66","0.77","0.79"
"235","0.52","0.65","0.76","0.82"
"240","0.50","0.63","0.74","0.75"
"245","0.03","0.60","0.71","0.72"
"250","0.03","0.65","0.85","0.88"
"255","0.02","0.63","0.74","0.75"
"260","0.01","0.65","0.76","0.77"
"265","0.01","0.65","0.76","0.98"
"270","0.05","0.60","0.71","0.72"
"275","0.04","0.62","0.77","0.74"
"280","0.06","0.66","0.77","0.96"
"285","0.08","0.68","0.79","0.80"
"290","0.02","0.65","0.76","0.77"
"295","0.06","0.66","0.77","0.97"
"300","0.52","0.65","0.95","0.77"
"305","0.51","0.64","0.75","0.76"
"310","0.08","0.67","0.78","0.81"
"315","0.01","0.63","0.74","0.75"
"320","0.04","0.67","0.78","0.79"
"325","0.03","0.65","0.79","0.86"
"330","0.07","0.58","0.69","0.70"
"335","0.06","0.62","0.73","0.74"
"340","0.05","0.66","0.77","0.87"
"345","0.06","0.65","0.76","0.77"
"350","0.06","0.67","0.86","0.79"
"355","0.06","0.66","0.77","0.85"
"360","0.08","0.68","0.79","0.80"
"365","0.54","0.67","0.78","0.80"
"370","0.50","0.63","0.74","0.90"
"375","0.10","0.68","0.86","0.80"
"380","0.02","0.63","0.74","0.75"
"385","0.05","0.64","0.75","0.85"
"390","0.02","0.65","0.76","0.77"
"395","0.03","0.67","0.78","0.79"
"400","0.04","0.67","0.93","0.99"
"405","0.08","0.66","0.77","0.78"
"410","0.06","0.65","0.76","0.77"
"415","0.04","0.65","0.76","0.90"
"420","0.04","0.66","0.77","0.78"
"425","0.53","0.66","0.86","0.78"
"430","0.52","0.65","0.76","1.00"
"435","0.03","0.61","0.72","0.73"
"440","0.02","0.64","0.75","0.76"
"445","0.05","0.65","0.76","0.90"
"450","0.41","0.54","0.74","0.66"
"455","0.45","0.58","0.69","0.70"
"460","0.03","0.64","0.75","0.84"
"465","0.05","0.58","0.69","0.71"
"470","0.03","0.64","0.75","0.76"
"475","0.48","0.61","0.83","0.96"
"480","0.51","0.64","0.75","0.76"
"485","0.06","0.60","0.71","0.72"
"490","0.02","0.65","0.76","0.88"
"495","0.03","0.62","0.73","0.74"
"500","0.51","0.64","0.76","0.76"
"505","0.46","0.59","0.70","0.82"
"510","0.19","0.49","0.60","0.61"
"515","0.11","0.51","0.62","0.63"
"520","0.03","0.65","0.76","0.91"
"525","0.54","0.67","0.98","0.79"
"530","0.53","0.66","0.77","0.79"
"535","0.04","0.61","0.72","0.89"
"540","0.03","0.65","0.76","0.77"
"545","0.02","0.62","0.73","0.74"
"550","0.02","0.64","0.90","0.97"
"555","0.03","0.61","0.72","0.73"
"560","0.04","0.62","0.73","0.75"
"565","0.06","0.60","0.71","0.89"
"570","0.13","0.53","0.64","0.66"
"575","0.03","0.63","0.81","0.75"
"580","0.04","0.67","0.78","0.85"
"585","0.07","0.66","0.77","0.78"
"590","0.52","0.65","0.76","0.77"
"595","0.52","0.65","0.76","0.90"
"600","0.03","0.64","0.85","0.76"
"605","0.02","0.60","0.71","0.72"
"610","0.05","0.56","0.67","0.75"
"615","0.03","0.62","0.73","0.74"
"620","0.01","0.65","0.76","0.77"
"625","0.02","0.62","0.84","0.89"
"630","0.18","0.50","0.61","0.62"
"635","0.09","0.58","0.69","0.70"
"640","0.57","0.70","0.81","0.87"
"645","0.46","0.59","0.70","0.71"
"650","0.06","0.56","0.74","0.68"
"655","0.04","0.60","0.71","0.79"
"660","0.04","0.63","0.74","0.75"
"665","0.02","0.65","0.76","0.77"
"670","0.07","0.70","0.81","0.91"
"675","0.05","0.66","0.93","0.78"
"680","0.06","0.57","0.68","0.69"
"685","0.02","0.64","0.75","0.90"
"690","0.15","0.54","0.65","0.66"
"695","0.04","0.63","0.74","0.75"
"700","0.12","0.70","1.02","1.03"
"705","0.02","0.63","0.74","0.75"
"710","0.03","0.64","0.75","0.76"
"715","0.03","0.62","0.73","0.80"
"720","0.10","0.69","0.80","0.81"
"725","0.09","0.65","0.80","0.77"
"730","0.06","0.66","0.77","0.93"
"735","0.06","0.66","0.77","0.78"
"740","0.03","0.63","0.74","0.75"
"745","0.05","0.63","0.74","0.98"
"750","0.20","0.51","0.83","0.63"
"755","0.06","0.61","0.72","0.73"
"760","0.03","0.63","0.74","0.81"
"765","0.05","0.65","0.76","0.77"
"770","0.08","0.67","0.78","0.79"
"775","0.03","0.65","0.95","0.91"
"780","0.08","0.67","0.78","0.79"
"785","0.02","0.63","0.74","0.75"
"790","0.08","0.67","0.78","0.94"
"795","0.04","0.63","0.74","0.76"
"800","0.04","0.62","0.81","0.74"
"805","0.07","0.66","0.77","0.93"
"810","0.15","0.55","0.66","0.67"
"815","0.03","0.60","0.71","0.72"
"820","0.03","0.61","0.72","0.87"
"825","0.09","0.69","0.99","0.81"
"830","0.52","0.65","0.76","0.77"
"835","0.54","0.67","0.78","0.89"
"840","0.04","0.65","0.76","0.77"
"845","0.04","0.65","0.76","0.77"
"850","0.03","0.63","0.87","0.82"
"855","0.05","0.60","0.71","0.72"
"860","0.04","0.67","0.78","0.79"
"865","0.01","0.64","0.75","0.96"
"870","0.08","0.57","0.68","0.69"
"875","0.08","0.59","0.80","0.71"
"880","0.05","0.60","0.71","0.83"
"885","0.07","0.58","0.69","0.70"
"890","0.08","0.56","0.67","0.68"
"895","0.03","0.62","0.73","0.86"
"900","0.06","0.63","0.98","0.75"
"905","0.04","0.63","0.74","0.75"
"910","0.04","0.63","0.74","0.82"
"915","0.48","0.61","0.72","0.73"
"920","0.52","0.65","0.76","0.77"
"925","0.03","0.58","0.86","0.74"
"930","0.16","0.53","0.64","0.65"
"935","0.04","0.62","0.73","0.75"
"940","0.04","0.67","0.78","0.86"
"945","0.07","0.65","0.76","0.77"
"950","0.51","0.64","0.89","0.76"
"955","0.50","0.63","0.74","0.97"
"960","0.06","0.66","0.77","0.78"
"965","0.06","0.68","0.79","0.80"
"970","0.03","0.63","0.74","0.96"
"975","0.02","0.63","0.83","0.75"
"980","0.05","0.65","0.76","0.77"
"985","0.03","0.55","0.66","0.75"
"990","0.02","0.61","0.72","0.73"
"995","0.12","0.47","0.58","0.59"
"1000","0.04","0.59","0.86","0.80"
"1005","0.54","0.67","0.78","0.79"
"1010","0.54","0.67","0.78","0.79"
"1015","0.05","0.61","0.72","0.82"
"1020","0.07","0.65","0.76","0.78"
"1025","0.03","0.64","0.87","0.76"
"1030","0.01","0.65","0.76","0.84"
"1035","0.05","0.67","0.78","0.79"
"1040","0.08","0.70","0.81","0.83"
"1045","0.09","0.68","0.79","0.91"
"1050","0.11","0.56","0.87","0.68"
"1055","0.14","0.56","0.67","0.68"
"1060","0.03","0.63","0.74","0.82"
"1065","0.46","0.59","0.70","0.71"
"1070","0.51","0.64","0.75","0.76"
"1075","0.04","0.63","0.88","0.83"
"1080","0.02","0.65","0.76","0.77"
"1085","0.02","0.64","0.75","0.76"
"1090","0.04","0.62","0.73","0.82"
"1095","0.04","0.62","0.73","0.74"
"1100","0.52","0.65","0.90","0.77"
"1105","0.51","0.64","0.75","0.94"
"1110","0.11","0.57","0.68","0.69"
"1115","0.05","0.61","0.72","0.73"
"1120","0.04","0.63","0.74","0.93"
"1125","0.51","0.64","0.84","0.76"
"1130","0.52","0.65","0.76","0.77"
"1135","0.05","0.64","0.75","1.00"
"1140","0.01","0.63","0.74","0.75"
"1145","0.02","0.61","0.72","0.73"
"1150","0.03","0.56","0.70","0.77"
"1155","0.03","0.62","0.73","0.74"
"1160","0.53","0.66","0.77","0.78"
"1165","0.52","0.65","0.76","0.94"
"1170","0.17","0.53","0.64","0.65"
"1175","0.03","0.63","0.87","0.75"
"1180","0.05","0.68","0.79","1.00"
"1185","0.05","0.68","0.79","0.80"
"1190","0.06","0.66","0.77","0.78"
"1195","0.04","0.64","0.75","0.90"
"1200","0.02","0.63","0.90","0.75"
"1205","0.07","0.57","0.68","0.69"
"1210","0.04","0.64","0.75","0.88"
"1215","0.03","0.63","0.74","0.75"
"1220","0.05","0.66","0.77","0.78"
"1225","0.04","0.62","0.84","0.99"
"1230","0.11","0.56","0.67","0.68"
"1235","0.07","0.59","0.70","0.72"
"1240","0.05","0.66","0.77","0.90"
"1245","0.58","0.71","0.82","0.83"
"1250","0.56","0.69","0.87","0.81"
"1255","0.08","0.67","0.78","0.97"
"1260","0.03","0.65","0.76","0.77"
"1265","0.03","0.63","0.74","0.75"
"1270","0.05","0.68","0.79","1.00"
"1275","0.02","0.64","0.76","0.76"
"1280","0.01","0.64","0.75","0.76"
"1285","0.03","0.61","0.72","0.85"
"1290","0.13","0.54","0.65","0.66"
"1295","0.03","0.62","0.73","0.74"
"1300","0.06","0.69","1.02","0.88"
"1305","0.02","0.63","0.74","0.75"
"1310","0.09","0.71","0.82","0.83"
"1315","0.05","0.60","0.71","0.75"
"1320","0.04","0.64","0.75","0.77"
"1325","0.02","0.63","0.84","0.75"
"1330","0.09","0.68","0.79","0.83"
"1335","0.07","0.67","0.78","0.79"
"1340","0.02","0.60","0.71","0.73"
"1345","0.03","0.58","0.69","0.80"
"1350","0.06","0.56","0.87","0.69"
"1355","0.07","0.58","0.69","0.71"
"1360","0.04","0.65","0.76","0.89"
"1365","0.03","0.65","0.76","0.77"
"1370","0.02","0.64","0.75","0.77"
"1375","0.07","0.63","0.90","0.86"
"1380","0.08","0.66","0.77","0.78"
"1385","0.04","0.57","0.68","0.69"
"1390","0.04","0.65","0.76","0.92"
"1395","0.04","0.63","0.74","0.75"
"1400","0.03","0.63","0.95","0.75"
"1405","0.04","0.61","0.72","0.82"
"1410","0.07","0.58","0.69","0.70"
"1415","0.05","0.62","0.73","0.74"
"1420","0.12","0.69","0.80","0.81"
"1425","0.07","0.65","0.82","0.77"
"1430","0.13","0.70","0.81","0.82"
"1435","0.12","0.67","0.78","0.95"
"1440","0.79","0.66","0.77","0.78"
"1445","0.57","0.70","0.81","0.82"
"1450","0.51","0.64","0.81","0.82"
"1455","0.03","0.65","0.76","0.78"
"1460","0.08","0.68","0.79","0.80"
"1465","0.07","0.67","0.78","0.93"
"1470","0.10","0.56","0.67","0.68"
"1475","0.02","0.64","0.94","0.76"
"1480","0.04","0.67","0.78","0.81"
"1485","0.04","0.61","0.72","0.73"
"1490","0.01","0.65","0.76","0.77"
"1495","0.77","0.64","0.75","0.86"
"1500","0.51","0.64","0.79","0.76"
"1505","0.03","0.63","0.74","0.75"
"1510","0.01","0.65","0.76","0.80"
"1515","0.08","0.66","0.77","0.78"
"1520","0.52","0.65","0.76","0.77"
"1525","0.58","0.72","1.05","0.89"
"1530","0.08","0.64","0.75","0.76"
"1535","0.05","0.70","0.81","0.82"
"1540","0.82","0.69","0.80","0.98"
"1545","0.04","0.68","0.79","0.80"
"1550","0.01","0.65","0.92","0.77"
"1555","0.80","0.67","0.78","0.93"
"1560","0.57","0.70","0.81","0.82"
"1565","0.76","0.63","0.74","0.75"
"1570","0.02","0.63","0.74","0.88"
"1575","0.34","0.63","0.79","0.75"
"1580","0.06","0.69","0.80","0.81"
"1585","0.05","0.68","0.79","0.97"
"1590","0.08","0.57","0.68","0.70"
"1595","0.03","0.63","0.74","0.75"
"1600","0.81","0.69","0.96","1.00"
"1605","0.10","0.69","0.80","0.81"
"1610","0.06","0.67","0.78","0.79"
"1615","0.03","0.66","0.77","0.98"
"1620","0.04","0.67","0.78","0.79"
"1625","0.03","0.66","0.93","0.78"
"1630","0.80","0.67","0.78","0.98"
"1635","0.05","0.64","0.75","0.76"
"1640","0.03","0.67","0.78","0.79"
"1645","0.02","0.63","0.74","0.94"
"1650","0.08","0.58","0.73","0.70"
"1655","0.03","0.62","0.73","0.74"
"1660","0.80","0.68","0.79","0.99"
"1665","0.52","0.65","0.76","0.77"
"1670","0.77","0.65","0.76","0.77"
"1675","0.01","0.63","0.98","0.88"
"1680","0.31","0.66","0.77","0.79"
"1685","0.05","0.60","0.71","0.72"
"1690","0.04","0.62","0.73","0.88"
"1695","0.01","0.64","0.75","0.76"
"1700","0.80","0.68","0.90","0.80"
"1705","0.10","0.68","0.79","1.04"
"1710","0.13","0.55","0.66","0.67"
"1715","0.08","0.59","0.70","0.71"
"1720","0.05","0.68","0.79","0.86"
"1725","0.06","0.59","0.78","0.71"
"1730","0.41","0.54","0.65","0.66"
"1735","0.44","0.57","0.68","0.84"
"1740","0.80","0.67","0.78","0.80"
"1745","0.03","0.61","0.72","0.73"
"1750","0.39","0.63","0.77","0.93"
"1755","0.04","0.66","0.77","0.79"
"1760","0.12","0.70","0.81","0.82"
"1765","0.07","0.59","0.70","0.80"
"1770","0.11","0.56","0.67","0.68"
"1775","0.07","0.61","0.90","0.73"
"1780","0.81","0.68","0.79","1.01"
"1785","0.07","0.65","0.76","0.77"
"1790","0.80","0.68","0.79","0.80"
"1795","0.55","0.68","0.79","0.86"
"1800","0.83","0.70","0.99","0.82"
"1805","0.02","0.64","0.75","0.76"
"1810","0.02","0.65","0.76","0.97"
"1815","0.07","0.69","0.80","0.81"
"1820","0.25","0.68","0.79","0.81"
"1825","0.44","0.59","0.74","0.92"
"1830","0.07","0.59","0.70","0.71"
"1835","0.10","0.56","0.67","0.68"
"1840","0.03","0.66","0.77","0.88"
"1845","0.83","0.71","0.82","0.83"
"1850","0.81","0.69","0.97","0.81"
"1855","0.03","0.63","0.74","0.92"
"1860","0.33","0.65","0.76","0.77"
"1865","0.07","0.59","0.70","0.71"
"1870","0.01","0.65","0.76","0.94"
"1875","0.01","0.63","0.81","0.76"
"1880","0.77","0.64","0.75","0.77"
"1885","0.80","0.67","0.78","0.88"
"1890","0.11","0.56","0.67","0.68"
"1895","0.44","0.62","0.73","0.74"
"1900","0.05","0.68","0.83","0.95"
"1905","0.01","0.65","0.76","0.77"
"1910","0.05","0.58","0.69","0.71"
"1915","0.04","0.65","0.76","0.80"
"1920","0.06","0.66","0.77","0.78"
"1925","0.13","0.56","0.85","0.68"
"1930","0.04","0.65","0.76","0.88"
"1935","0.56","0.69","0.80","0.82"
"1940","0.54","0.67","0.78","0.79"
"1945","0.10","0.67","0.78","0.98"
"1950","0.17","0.52","0.87","0.65"
"1955","0.13","0.57","0.68","0.69"
"1960","0.01","0.65","0.76","0.89"
"1965","0.04","0.61","0.72","0.74"
"1970","0.81","0.69","0.80","0.81"
"1975","0.01","0.62","0.87","0.79"
"1980","0.28","0.66","0.77","0.78"
"1985","0.03","0.62","0.73","0.74"
"1990","0.09","0.53","0.64","0.75"
"1995","0.17","0.48","0.59","0.60"
"2000","0.12","0.57","0.81","0.69"
"2005","0.08","0.56","0.67","0.81"
"2010","0.19","0.51","0.62","0.63"
"2015","0.17","0.55","0.66","0.67"
"2020","0.53","0.66","0.77","0.91"
"2025","0.53","0.66","0.87","0.79"
"2030","0.82","0.69","0.80","0.82"
"2035","0.02","0.62","0.73","0.87"
"2040","0.03","0.66","0.77","0.78"
"2045","0.05","0.61","0.72","0.73"
"2050","0.40","0.61","0.82","0.91"
"2055","0.25","0.69","0.80","0.81"
"2060","0.05","0.69","0.80","0.81"
"2065","0.02","0.66","0.77","0.87"
"2070","0.11","0.56","0.67","0.68"
"2075","0.09","0.61","0.90","0.73"
"2080","0.10","0.69","0.80","0.97"
"2085","0.02","0.58","0.69","0.71"
"2090","0.05","0.64","0.75","0.76"
"2095","0.04","0.62","0.73","0.88"
"2100","0.11","0.55","0.87","0.67"
"2105","0.06","0.63","0.74","0.75"
"2110","0.09","0.60","0.71","0.81"
"2115","0.52","0.65","0.76","0.77"
"2120","0.52","0.65","0.76","0.77"
"2125","0.07","0.59","0.93","0.91"
"2130","0.04","0.61","0.72","0.73"
"2135","0.13","0.57","0.68","0.69"
"2140","0.05","0.68","0.79","0.95"
"2145","0.02","0.65","0.76","0.77"
"2150","0.06","0.69","0.82","0.81"
"2155","0.05","0.59","0.70","0.86"
"2160","0.72","0.59","0.70","0.72"
"2165","0.45","0.58","0.69","0.70"
"2170","0.02","0.64","0.75","0.93"
"2175","0.01","0.64","0.89","0.76"
"2180","0.05","0.59","0.70","0.71"
"2185","0.40","0.53","0.64","0.76"
"2190","0.34","0.47","0.58","0.59"
"2195","0.14","0.51","0.62","0.63"
"2200","0.12","0.52","0.85","0.83"
"2205","0.14","0.54","0.65","0.66"
"2210","0.50","0.63","0.74","0.75"
"2215","0.45","0.58","0.69","0.86"
"2220","0.73","0.61","0.72","0.73"
"2225","0.06","0.60","0.88","0.73"
"2230","0.28","0.68","0.79","0.89"
"2235","0.06","0.61","0.72","0.73"
"2240","0.01","0.65","0.76","0.77"
"2245","0.06","0.69","0.80","0.88"
"2250","0.20","0.51","0.75","0.63"
"2255","0.14","0.58","0.69","0.70"
"2260","0.80","0.67","0.78","0.98"
"2265","0.11","0.70","0.81","0.82"
"2270","0.75","0.62","0.73","0.74"
"2275","0.49","0.62","0.93","0.82"
"2280","0.70","0.57","0.68","0.69"
"2285","0.03","0.63","0.74","0.75"
"2290","0.33","0.66","0.77","0.97"
"2295","0.02","0.65","0.76","0.77"
"2300","0.02","0.63","0.94","0.75"
"2305","0.05","0.61","0.72","0.89"
"2310","0.06","0.59","0.70","0.71"
"2315","0.23","0.51","0.62","0.63"
"2320","0.51","0.64","0.75","0.93"
"2325","0.50","0.63","0.83","0.75"
"2330","0.05","0.67","0.78","0.79"
"2335","0.08","0.71","0.82","0.84"
"2340","0.78","0.66","0.77","0.78"
"2345","0.47","0.60","0.71","0.72"
"2350","0.73","0.60","0.82","0.81"
"2355","0.05","0.60","0.71","0.72"
"2360","0.34","0.63","0.74","0.75"
"2365","0.04","0.62","0.73","0.85"
"2370","0.14","0.50","0.61","0.62"
"2375","0.06","0.60","0.84","0.72"
"2380","0.79","0.67","0.78","0.80"
"2385","0.76","0.63","0.74","0.75"
"2390","0.09","0.67","0.78","0.79"
"2395","0.21","0.69","0.80","1.02"
"2400","0.71","0.69","0.85","0.81"
"2405","0.39","0.62","0.73","0.74"
"2410","0.71","0.69","0.80","0.98"
"2415","0.28","0.68","0.79","0.80"
"2420","0.70","0.68","0.79","0.80"
"2425","0.31","0.66","0.85","0.95"
"2430","0.09","0.59","0.70","0.71"
"2435","0.59","0.57","0.68","0.69"
"2440","0.67","0.65","0.76","0.90"
"2445","0.33","0.63","0.74","0.75"
"2450","0.59","0.57","0.71","0.69"
"2455","0.52","0.59","0.70","0.96"
"2460","0.65","0.63","0.74","0.75"
"2465","0.31","0.64","0.75","0.76"
"2470","0.61","0.59","0.70","0.80"
"2475","0.44","0.57","0.90","0.70"
"2480","0.62","0.61","0.72","0.73"
"2485","0.53","0.56","0.67","0.86"
"2490","0.02","0.53","0.64","0.65"
"2495","0.55","0.53","0.64","0.65"
"2500","0.65","0.63","0.85","0.78"
"2505","0.43","0.60","0.71","0.72"
"2510","0.65","0.63","0.74","0.75"
"2515","0.41","0.63","0.74","0.78"
"2520","0.70","0.68","0.79","0.81"
"2525","0.25","0.69","1.00","0.81"
"2530","0.71","0.69","0.80","1.00"
"2535","0.36","0.64","0.75","0.77"
"2540","0.73","0.71","0.82","0.83"
"2545","0.25","0.69","0.80","0.90"
"2550","0.11","0.61","0.75","0.73"
"2555","0.63","0.61","0.72","0.73"
"2560","0.69","0.67","0.78","1.01"
"2565","0.25","0.67","0.78","0.79"
"2570","0.71","0.69","0.80","0.81"
"2575","0.15","0.73","0.88","1.01"
"2580","0.68","0.66","0.77","0.78"
"2585","0.29","0.67","0.78","0.79"
"2590","0.67","0.65","0.76","0.97"
"2595","0.41","0.54","0.65","0.67"
"2600","0.55","0.53","0.79","0.65"
"2605","0.56","0.53","0.64","0.80"
"2610","0.05","0.45","0.56","0.57"
"2615","0.57","0.55","0.66","0.67"
"2620","0.64","0.62","0.73","0.93"
"2625","0.38","0.65","0.96","0.77"
"2630","0.70","0.68","0.79","0.80"
"2635","0.25","0.67","0.78","0.92"
"2640","0.72","0.70","0.81","0.83"
"2645","0.36","0.62","0.73","0.75"
"2650","0.71","0.69","0.89","0.88"
"2655","0.54","0.56","0.67","0.68"
"2660","0.68","0.66","0.77","0.78"
"2665","0.38","0.62","0.73","0.91"
"2670","0.07","0.58","0.69","0.70"
"2675","0.05","0.57","0.81","0.69"
"2680","0.68","0.66","0.77","0.93"
"2685","0.31","0.67","0.78","0.79"
"2690","0.28","0.68","0.79","0.80"
"2695","0.06","0.61","0.72","0.88"
"2700","0.06","0.59","0.83","0.71"
"2705","0.14","0.53","0.64","0.65"
"2710","0.04","0.64","0.75","0.82"
"2715","0.04","0.66","0.77","0.79"
"2720","0.56","0.69","0.80","0.81"
"2725","0.57","0.70","0.97","0.96"
"2730","0.17","0.54","0.65","0.66"
"2735","0.12","0.59","0.70","0.71"
"2740","0.80","0.67","0.78","0.94"
"2745","0.03","0.65","0.76","0.78"
"2750","0.14","0.72","1.03","0.84"
"2755","0.11","0.68","0.79","1.00"
"2760","0.04","0.67","0.78","0.79"
"2765","0.06","0.69","0.80","0.81"
"2770","0.04","0.67","0.78","0.86"
"2775","0.14","0.72","0.95","0.84"
"2780","0.04","0.64","0.75","0.76"
"2785","0.03","0.65","0.76","0.85"
"2790","0.07","0.59","0.70","0.71"
"2795","0.16","0.57","0.68","0.69"
"2800","0.03","0.61","0.89","0.94"
"2805","0.10","0.58","0.69","0.70"
"2810","0.02","0.66","0.77","0.78"
"2815","0.06","0.60","0.71","0.93"
"2820","0.05","0.67","0.78","0.79"
"2825","0.05","0.67","0.94","0.79"
"2830","0.05","0.60","0.71","0.86"
"2835","0.09","0.60","0.71","0.72"
"2840","0.53","0.66","0.77","0.78"
"2845","0.46","0.59","0.70","0.88"
"2850","0.12","0.57","0.86","0.69"
"2855","0.12","0.55","0.66","0.67"
"2860","0.04","0.68","0.79","0.97"
"2865","0.04","0.66","0.77","0.78"
"2870","0.82","0.70","0.81","0.82"
"2875","0.56","0.69","0.91","0.93"
"2880","0.05","0.67","0.78","0.79"
"2885","0.03","0.66","0.77","0.78"
"2890","0.03","0.62","0.73","0.80"
"2895","0.07","0.57","0.68","0.69"
"2900","0.05","0.61","0.80","0.73"
"2905","0.07","0.58","0.69","0.78"
"2910","0.15","0.52","0.63","0.64"
"2915","0.08","0.58","0.69","0.70"
"2920","0.03","0.65","0.76","0.87"
"2925","0.52","0.65","0.95","0.77"
"2930","0.54","0.67","0.78","0.79"
"2935","0.03","0.63","0.74","0.85"
"2940","0.02","0.66","0.77","0.78"
"2945","0.04","0.62","0.73","0.75"
"2950","0.53","0.67","0.95","0.83"
"2955","0.52","0.65","0.76","0.77"
"2960","0.04","0.66","0.77","0.78"
"2965","0.02","0.66","0.77","0.91"
"2970","0.14","0.56","0.67","0.68"
"2975","0.50","0.64","0.84","0.76"
"2980","0.55","0.68","0.79","0.89"
"2985","0.02","0.64","0.75","0.76"
"2990","0.03","0.68","0.79","0.80"
"2995","0.05","0.67","0.78","0.87"
"3000","0.54","0.67","0.95","0.79"
"3005","0.51","0.65","0.76","0.77"
"3010","0.04","0.66","0.77","0.90"
"3015","0.02","0.63","0.74","0.75"
"3020","0.04","0.69","0.80","0.81"
"3025","0.02","0.67","0.95","0.89"
"3030","0.04","0.63","0.74","0.75"
"3035","0.04","0.65","0.76","0.77"
"3040","0.05","0.69","0.80","0.93"
"3045","0.03","0.66","0.77","0.78"
"3050","0.05","0.69","0.95","0.81"
"3055","0.05","0.68","0.79","0.99"
"3060","0.06","0.69","0.80","0.81"
"3065","0.03","0.64","0.75","0.76"
"3070","0.03","0.67","0.78","0.91"
"3075","0.03","0.64","0.96","0.76"
"3080","0.06","0.70","0.81","0.82"
"3085","0.05","0.66","0.77","0.83"
"3090","0.15","0.57","0.68","0.69"
"3095","0.07","0.64","0.75","0.76"
"3100","0.06","0.71","1.00","0.90"
"3105","0.07","0.71","0.82","0.83"
"3110","0.07","0.71","0.82","0.83"
"3115","0.06","0.69","0.80","0.95"
"3120","0.03","0.65","0.76","0.77"
"3125","0.36","0.49","0.78","0.61"
"3130","0.54","0.67","0.78","0.91"
"3135","0.09","0.59","0.70","0.71"
"3140","0.02","0.66","0.77","0.78"
"3145","0.08","0.70","0.81","1.00"
"3150","0.02","0.65","0.84","0.77"
"3155","0.10","0.63","0.74","0.75"
"3160","0.55","0.68","0.79","0.83"
"3165","0.57","0.70","0.81","0.83"
"3170","0.10","0.73","0.84","0.85"
"3175","0.09","0.70","1.00","0.94"
"3180","0.04","0.68","0.79","0.80"
"3185","0.06","0.70","0.81","0.82"
"3190","0.04","0.68","0.79","0.96"
"3195","0.07","0.71","0.82","0.83"
"3200","0.06","0.71","0.97","0.83"
"3205","0.01","0.66","0.77","0.96"
"3210","0.06","0.62","0.73","0.74"
"3215","0.13","0.57","0.68","0.69"
"3220","0.08","0.73","0.84","0.95"
"3225","0.08","0.71","0.92","0.83"
"3230","0.08","0.73","0.84","0.85"
"3235","0.08","0.72","0.83","0.90"
"3240","0.07","0.72","0.83","0.84"
"3245","0.03","0.68","0.79","0.80"
"3250","0.02","0.67","0.88","1.01"
"3255","0.06","0.70","0.81","0.82"
"3260","0.10","0.74","0.85","0.86"
"3265","0.04","0.68","0.79","0.92"
"3270","0.01","0.66","0.77","0.78"
"3275","0.09","0.61","0.83","0.73"
"3280","0.09","0.72","0.83","0.89"
"3285","0.01","0.66","0.77","0.78"
"3290","0.03","0.68","0.79","0.80"
"3295","0.02","0.64","0.75","0.90"
"3300","0.03","0.69","0.93","0.81"
"3305","0.05","0.70","0.81","0.82"
"3310","0.05","0.71","0.82","0.96"
"3315","0.04","0.65","0.76","0.77"
"3320","0.04","0.65","0.76","0.77"
"3325","0.04","0.60","0.89","0.76"
"3330","0.09","0.58","0.69","0.70"
"3335","0.09","0.59","0.70","0.71"
"3340","0.05","0.70","0.81","0.91"
"3345","0.05","0.70","0.81","0.82"
"3350","0.05","0.68","0.93","0.80"
"3355","0.08","0.69","0.80","0.96"
"3360","0.57","0.70","0.81","0.82"
"3365","0.48","0.61","0.72","0.73"
"3370","0.04","0.60","0.71","0.87"
"3375","0.05","0.61","0.78","0.74"
"3380","0.06","0.62","0.73","0.75"
"3385","0.55","0.68","0.79","0.86"
"3390","0.13","0.53","0.64","0.65"
"3395","0.37","0.50","0.61","0.62"
"3400","0.36","0.50","0.80","0.82"
"3405","0.02","0.65","0.76","0.77"
"3410","0.09","0.54","0.65","0.66"
"3415","0.13","0.56","0.67","0.73"
"3420","0.50","0.63","0.74","0.76"
"3425","0.44","0.57","0.79","0.69"
"3430","0.14","0.56","0.67","0.76"
"3435","0.03","0.64","0.75","0.76"
"3440","0.09","0.66","0.77","0.78"
"3445","0.44","0.57","0.68","0.80"
"3450","0.13","0.53","0.86","0.65"
"3455","0.39","0.52","0.63","0.64"
"3460","0.49","0.62","0.73","0.80"
"3465","0.04","0.66","0.77","0.78"
"3470","0.03","0.64","0.75","0.76"
"3475","0.09","0.56","0.81","0.84"
"3480","0.53","0.66","0.77","0.78"
"3485","0.48","0.61","0.72","0.73"
"3490","0.09","0.66","0.77","0.86"
"3495","0.04","0.66","0.77","0.78"
"3500","0.06","0.69","0.99","0.81"
"3505","0.03","0.66","0.77","0.92"
"3510","0.09","0.66","0.77","0.78"
"3515","0.07","0.62","0.73","0.74"
"3520","0.05","0.66","0.77","0.93"
"3525","0.09","0.67","0.83","0.79"
"3530","0.10","0.69","0.80","0.81"
"3535","0.12","0.71","0.82","0.92"
"3540","0.11","0.71","0.82","0.83"
"3545","0.07","0.69","0.80","0.81"
"3550","0.06","0.67","1.00","0.89"
"3555","0.08","0.59","0.70","0.71"
"3560","0.03","0.64","0.75","0.76"
"3565","0.03","0.59","0.70","0.83"
"3570","0.10","0.55","0.66","0.67"
"3575","0.14","0.56","0.83","0.68"
"3580","0.58","0.71","0.82","0.87"
"3585","0.56","0.69","0.80","0.81"
"3590","0.04","0.66","0.77","0.78"
"3595","0.08","0.53","0.64","0.70"
"3600","0.01","0.65","0.91","0.77"
"3605","0.01","0.64","0.75","0.76"
"3610","0.05","0.61","0.72","0.80"
"3615","0.10","0.56","0.67","0.68"
"3620","0.52","0.65","0.76","0.77"
"3625","0.51","0.64","0.84","0.86"
"3630","0.09","0.57","0.68","0.69"
"3635","0.08","0.58","0.69","0.70"
"3640","0.06","0.66","0.77","0.94"
"3645","0.53","0.66","0.77","0.78"
"3650","0.51","0.64","0.92","0.77"
"3655","0.04","0.65","0.76","1.00"
"3660","0.05","0.67","0.78","0.79"
"3665","0.12","0.55","0.66","0.67"
"3670","0.09","0.59","0.70","0.81"
"3675","0.02","0.63","0.90","0.76"
"3680","0.48","0.61","0.72","0.73"
"3685","0.46","0.59","0.70","0.85"
"3690","0.06","0.62","0.73","0.74"
"3695","0.18","0.52","0.63","0.64"
"3700","0.12","0.59","0.79","0.79"
"3705","0.50","0.63","0.74","0.75"
"3710","0.50","0.64","0.75","0.76"
"3715","0.08","0.60","0.71","0.96"
"3720","0.06","0.61","0.72","0.73"
"3725","0.10","0.58","0.74","0.70"
"3730","0.55","0.68","0.79","0.97"
"3735","0.51","0.64","0.75","0.76"
"3740","0.03","0.63","0.74","0.75"
"3745","0.01","0.64","0.75","0.95"
"3750","0.02","0.61","0.78","0.73"
"3755","0.46","0.59","0.70","0.71"
"3760","0.52","0.65","0.76","1.02"
"3765","0.05","0.66","0.77","0.78"
"3770","0.08","0.55","0.66","0.67"
"3775","0.03","0.58","0.85","0.89"
"3780","0.46","0.59","0.70","0.71"
"3785","0.49","0.62","0.73","0.74"
"3790","0.14","0.57","0.68","0.82"
"3795","0.06","0.59","0.70","0.71"
"3800","0.08","0.60","0.74","0.72"
"3805","0.46","0.59","0.70","0.80"
"3810","0.49","0.62","0.73","0.74"
"3815","0.11","0.57","0.68","0.69"
"3820","0.04","0.67","0.78","0.99"
"3825","0.09","0.66","0.85","0.78"
"3830","0.52","0.65","0.76","0.77"
"3835","0.47","0.61","0.72","0.85"
"3840","0.06","0.65","0.76","0.77"
"3845","0.10","0.56","0.67","0.68"
"3850","0.07","0.62","0.88","0.75"
"3855","0.51","0.64","0.75","0.76"
"3860","0.53","0.66","0.77","0.78"
"3865","0.04","0.56","0.67","0.86"
"3870","0.16","0.53","0.64","0.65"
"3875","0.17","0.54","0.69","0.66"
"3880","0.02","0.66","0.77","0.84"
"3885","0.05","0.62","0.73","0.74"
"3890","0.02","0.63","0.74","0.75"
"3895","0.06","0.64","0.75","0.97"
"3900","0.56","0.69","0.94","0.81"
"3905","0.45","0.58","0.69","0.70"
"3910","0.05","0.65","0.76","0.83"
"3915","0.02","0.65","0.76","0.77"
"3920","0.08","0.67","0.78","0.79"
"3925","0.55","0.68","0.96","0.85"
"3930","0.23","0.64","0.75","0.76"
"3935","0.43","0.56","0.67","0.68"
"3940","0.48","0.61","0.72","0.85"
"3945","0.05","0.65","0.76","0.77"
"3950","0.04","0.67","0.85","0.79"
"3955","0.08","0.60","0.71","0.82"
"3960","0.49","0.63","0.74","0.75"
"3965","0.55","0.68","0.79","0.80"
"3970","0.08","0.67","0.78","0.89"
"3975","0.03","0.61","0.83","0.73"
"3980","0.09","0.51","0.62","0.63"
"3985","0.10","0.57","0.68","0.78"
"3990","0.09","0.58","0.69","0.70"
"3995","0.19","0.53","0.64","0.65"
"4000","0.51","0.64","0.91","0.81"
"4005","0.48","0.61","0.72","0.73"
"4010","0.03","0.63","0.74","0.75"
"4015","0.05","0.61","0.72","0.88"
"4020","0.04","0.65","0.76","0.77"
"4025","0.51","0.64","0.80","0.76"
"4030","0.53","0.66","0.77","0.89"
"4035","0.07","0.65","0.76","0.77"
"4040","0.10","0.68","0.79","0.80"
"4045","0.03","0.64","0.75","0.91"
"4050","0.06","0.59","0.85","0.71"
"4055","0.14","0.55","0.66","0.67"
"4060","0.03","0.62","0.73","0.89"
"4065","0.02","0.63","0.74","0.75"
"4070","0.14","0.51","0.62","0.63"
"4075","0.48","0.61","0.94","0.97"
"4080","0.50","0.63","0.74","0.75"
"4085","0.03","0.59","0.70","0.71"
"4090","0.02","0.62","0.73","0.80"
"4095","0.07","0.65","0.76","0.77"
"4100","0.51","0.65","0.98","0.77"
"4105","0.50","0.63","0.74","0.90"
"4110","0.13","0.54","0.65","0.66"
"4115","0.20","0.49","0.60","0.61"
"4120","0.05","0.62","0.73","0.84"
"4125","0.54","0.67","0.89","0.79"
"4130","0.51","0.64","0.75","0.77"
"4135","0.07","0.60","0.71","0.94"
"4140","0.02","0.64","0.75","0.76"
"4145","0.02","0.63","0.74","0.75"
"4150","0.04","0.62","0.85","0.89"
"4155","0.08","0.68","0.79","0.80"
"4160","0.07","0.67","0.78","0.79"
"4165","0.05","0.59","0.70","0.80"
"4170","0.02","0.61","0.72","0.73"
"4175","0.41","0.54","0.72","0.66"
"4180","0.50","0.63","0.74","0.94"
"4185","0.09","0.68","0.79","0.80"
"4190","0.10","0.72","0.83","0.84"
"4195","0.04","0.66","0.77","0.94"
"4200","0.07","0.65","0.96","0.77"
"4205","0.04","0.63","0.74","0.75"
"4210","0.47","0.60","0.71","0.84"
"4215","0.48","0.61","0.72","0.73"
"4220","0.04","0.65","0.76","0.77"
"4225","0.04","0.66","0.97","0.99"
"4230","0.09","0.57","0.68","0.69"
"4235","0.43","0.56","0.67","0.68"
"4240","0.55","0.68","0.79","0.87"
"4245","0.02","0.62","0.73","0.74"
"4250","0.02","0.64","0.85","0.76"
"4255","0.03","0.61","0.72","0.79"
"4260","0.51","0.64","0.75","0.76"
"4265","0.49","0.62","0.73","0.74"
"4270","0.03","0.64","0.75","0.83"
"4275","0.01","0.63","0.77","0.75"
"4280","0.06","0.66","0.77","0.78"
"4285","0.50","0.63","0.74","0.88"
"4290","0.48","0.61","0.72","0.73"
"4295","0.10","0.58","0.69","0.70"
"4300","0.04","0.66","0.93","0.87"
"4305","0.05","0.64","0.75","0.76"
"4310","0.53","0.66","0.77","0.78"
"4315","0.44","0.57","0.68","0.76"
"4320","0.06","0.62","0.73","0.74"
"4325","0.03","0.61","0.87","0.73"
"4330","0.03","0.64","0.75","0.95"
"4335","0.03","0.64","0.75","0.76"
"4340","0.13","0.55","0.66","0.67"
"4345","0.01","0.64","0.75","0.85"
"4350","0.02","0.65","0.91","0.77"
"4355","0.08","0.60","0.71","0.72"
"4360","0.03","0.66","0.77","0.88"
"4365","0.07","0.70","0.81","0.82"
"4370","0.06","0.69","0.80","0.81"
"4375","0.04","0.61","0.83","0.83"
"4380","0.02","0.64","0.75","0.76"
"4385","0.08","0.58","0.69","0.70"
"4390","0.03","0.65","0.76","0.85"
"4395","0.02","0.64","0.75","0.76"
"4400","0.02","0.64","0.88","0.76"
"4405","0.02","0.67","0.78","0.86"
"4410","0.04","0.64","0.75","0.76"
"4415","0.09","0.60","0.71","0.73"
"4420","0.03","0.66","0.77","0.88"
"4425","0.02","0.64","0.94","0.76"
"4430","0.06","0.69","0.80","0.81"
"4435","0.06","0.67","0.78","0.86"
"4440","0.08","0.70","0.81","0.82"
"4445","0.06","0.59","0.70","0.72"
"4450","0.05","0.67","0.84","0.92"
"4455","0.03","0.63","0.74","0.75"
"4460","0.06","0.69","0.80","0.81"
"4465","0.04","0.61","0.72","0.83"
"4470","0.01","0.63","0.74","0.75"
"4475","0.11","0.57","0.72","0.69"
"4480","0.04","0.66","0.77","0.88"
"4485","0.03","0.62","0.73","0.74"
"4490","0.03","0.66","0.77","0.79"
"4495","0.02","0.64","0.75","0.90"
"4500","0.03","0.66","0.89","0.78"
"4505","0.01","0.64","0.75","0.76"
"4510","0.06","0.68","0.79","0.98"
"4515","0.04","0.61","0.72","0.73"
"4520","0.06","0.68","0.79","0.80"
"4525","0.05","0.68","0.89","1.02"
"4530","0.03","0.62","0.73","0.74"
"4535","0.06","0.61","0.72","0.73"
"4540","0.04","0.62","0.73","0.90"
"4545","0.03","0.62","0.73","0.74"
"4550","0.03","0.63","0.92","0.75"
"4555","0.08","0.65","0.76","0.89"
"4560","0.11","0.69","0.80","0.81"
"4565","0.04","0.59","0.70","0.71"
"4570","0.53","0.66","0.77","0.88"
"4575","0.52","0.65","0.91","0.77"
"4580","0.06","0.67","0.78","0.79"
"4585","0.07","0.59","0.70","0.84"
"4590","0.11","0.56","0.67","0.68"
"4595","0.12","0.56","0.67","0.68"
"4600","0.02","0.62","0.90","0.87"
"4605","0.04","0.60","0.71","0.72"
"4610","0.04","0.62","0.73","0.74"
"4615","0.07","0.60","0.71","0.87"
"4620","0.12","0.69","0.80","0.81"
"4625","0.49","0.62","0.78","0.74"
"4630","0.55","0.68","0.79","0.98"
"4635","0.07","0.67","0.78","0.79"
"4640","0.11","0.69","0.80","0.81"
"4645","0.02","0.62","0.73","0.88"
"4650","0.04","0.60","0.90","0.72"
"4655","0.13","0.54","0.65","0.66"
"4660","0.04","0.62","0.73","0.82"
"4665","0.04","0.62","0.73","0.74"
"4670","0.07","0.57","0.68","0.69"
"4675","0.11","0.53","0.79","0.79"
"4680","0.02","0.64","0.75","0.76"
"4685","0.01","0.64","0.75","0.76"
"4690","0.10","0.68","0.79","0.89"
"4695","0.03","0.61","0.72","0.73"
"4700","0.06","0.66","0.85","0.78"
"4705","0.52","0.66","0.77","0.99"
"4710","0.49","0.62","0.73","0.74"
"4715","0.21","0.52","0.63","0.64"
"4720","0.04","0.62","0.73","0.92"
"4725","0.04","0.61","0.78","0.73"
"4730","0.03","0.66","0.77","0.78"
"4735","0.02","0.64","0.75","0.82"
"4740","0.05","0.62","0.73","0.74"
"4745","0.04","0.61","0.72","0.73"
"4750","0.03","0.63","0.83","0.86"
"4755","0.08","0.65","0.76","0.77"
"4760","0.05","0.65","0.76","0.77"
"4765","0.07","0.59","0.70","0.79"
"4770","0.08","0.58","0.69","0.70"
"4775","0.23","0.50","0.67","0.62"
"4780","0.03","0.64","0.75","0.84"
"4785","0.10","0.68","0.79","0.80"
"4790","0.09","0.68","0.79","0.80"
"4795","0.06","0.65","0.76","0.89"
"4800","0.05","0.65","0.95","0.77"
"4805","0.13","0.53","0.64","0.66"
"4810","0.09","0.55","0.66","0.72"
"4815","0.03","0.57","0.68","0.69"
"4820","0.02","0.63","0.74","0.75"
"4825","0.05","0.65","0.89","0.93"
"4830","0.08","0.58","0.69","0.70"
"4835","0.22","0.49","0.60","0.61"
"4840","0.03","0.63","0.74","0.88"
"4845","0.04","0.64","0.75","0.76"
"4850","0.04","0.62","0.77","0.74"
"4855","0.48","0.61","0.72","0.92"
"4860","0.53","0.66","0.77","0.78"
"4865","0.03","0.63","0.74","0.75"
"4870","0.04","0.62","0.73","0.80"
"4875","0.03","0.61","0.81","0.73"
"4880","0.03","0.63","0.74","0.75"
"4885","0.03","0.65","0.76","0.95"
"4890","0.02","0.62","0.73","0.74"
"4895","0.12","0.55","0.66","0.67"
"4900","0.08","0.55","0.68","0.87"
"4905","0.09","0.57","0.68","0.69"
"4910","0.01","0.65","0.76","0.77"
"4915","0.03","0.62","0.73","0.86"
"4920","0.06","0.68","0.79","0.81"
"4925","0.02","0.64","0.87","0.76"
"4930","0.01","0.63","0.74","0.91"
"4935","0.07","0.59","0.70","0.71"
"4940","0.05","0.61","0.72","0.73"
"4945","0.03","0.62","0.73","0.81"
"4950","0.05","0.59","0.73","0.71"
"4955","0.19","0.48","0.59","0.60"
"4960","0.11","0.54","0.65","0.82"
"4965","0.10","0.53","0.64","0.65"
"4970","0.11","0.55","0.66","0.67"
"4975","0.02","0.61","0.84","0.81"
"4980","0.04","0.65","0.76","0.77"
"4985","0.05","0.64","0.75","0.76"
"4990","0.06","0.65","0.76","0.92"
"4995","0.02","0.64","0.75","0.76"
"5000","0.02","0.63","0.92","0.76"
"5005","0.03","0.62","0.73","0.89"
"5010","0.02","0.61","0.72","0.73"
"5015","0.22","0.52","0.63","0.64"
"5020","0.03","0.62","0.73","0.88"
"5025","0.08","0.58","0.84","0.70"
"5030","0.11","0.57","0.68","0.69"
"5035","0.02","0.61","0.72","0.90"
"5040","0.54","0.67","0.78","0.79"
"5045","0.53","0.66","0.77","0.78"
"5050","0.10","0.68","1.03","0.91"
"5055","0.02","0.62","0.73","0.74"
"5060","0.06","0.65","0.76","0.77"
"5065","0.01","0.65","0.76","0.86"
"5070","0.07","0.58","0.69","0.70"
"5075","0.18","0.51","0.73","0.63"
"5080","0.03","0.63","0.74","0.94"
"5085","0.06","0.59","0.70","0.71"
"5090","0.04","0.67","0.78","0.79"
"5095","0.03","0.62","0.73","0.89"
"5100","0.02","0.65","0.86","0.77"
"5105","0.06","0.61","0.72","0.73"
"5110","0.04","0.67","0.78","0.90"
"5115","0.06","0.68","0.79","0.80"
"5120","0.01","0.64","0.75","0.77"
"5125","0.01","0.64","0.81","0.81"
"5130","0.02","0.64","0.75","0.76"
"5135","0.14","0.53","0.64","0.65"
"5140","0.02","0.65","0.76","0.92"
"5145","0.05","0.61","0.72","0.73"
"5150","0.01","0.64","0.89","0.77"
"5155","0.02","0.64","0.75","0.92"
"5160","0.05","0.60","0.71","0.72"
"5165","0.02","0.66","0.77","0.78"
"5170","0.02","0.63","0.74","0.80"
"5175","0.04","0.67","0.79","0.79"
"5180","0.02","0.65","0.76","0.77"
"5185","0.07","0.58","0.69","0.79"
"5190","0.02","0.62","0.73","0.74"
"5195","0.23","0.43","0.54","0.55"
"5200","0.14","0.49","0.79","0.80"
"5205","0.05","0.60","0.71","0.72"
"5210","0.06","0.62","0.73","0.74"
"5215","0.51","0.64","0.75","0.93"
"5220","0.50","0.64","0.75","0.76"
"5225","0.09","0.55","0.75","0.67"
"5230","0.07","0.57","0.68","0.82"
"5235","0.05","0.60","0.71","0.72"
"5240","0.01","0.65","0.76","0.77"
"5245","0.02","0.63","0.74","0.93"
"5250","0.02","0.62","0.95","0.74"
"5255","0.16","0.51","0.62","0.63"
"5260","0.04","0.64","0.75","0.82"
"5265","0.54","0.67","0.78","0.79"
"5270","0.48","0.61","0.72","0.73"
"5275","0.04","0.65","0.91","0.94"
"5280","0.07","0.66","0.77","0.78"
"5285","0.03","0.63","0.74","0.75"
"5290","0.04","0.67","0.78","0.86"
"5295","0.05","0.68","0.79","0.80"
"5300","0.04","0.66","0.84","0.78"
"5305","0.09","0.56","0.67","0.84"
"5310","0.07","0.57","0.68","0.69"
"5315","0.11","0.55","0.66","0.68"
"5320","0.03","0.66","0.77","0.90"
"5325","0.07","0.69","0.82","0.81"
"5330","0.07","0.69","0.80","0.81"
"5335","0.05","0.60","0.71","0.88"
"5340","0.03","0.63","0.74","0.75"
"5345","0.03","0.63","0.74","0.75"
"5350","0.05","0.61","0.87","0.79"
"5355","0.07","0.60","0.71","0.72"
"5360","0.03","0.64","0.75","0.76"
"5365","0.50","0.63","0.74","0.96"
"5370","0.45","0.58","0.69","0.70"
"5375","0.16","0.55","0.73","0.67"
"5380","0.02","0.63","0.74","0.83"
"5385","0.11","0.69","0.80","0.81"
"5390","0.56","0.69","0.80","0.81"
"5395","0.57","0.70","0.81","1.02"
"5400","0.17","0.73","1.01","0.85"
"5405","0.10","0.69","0.80","0.81"
"5410","0.08","0.67","0.78","0.92"
"5415","0.04","0.66","0.77","0.79"
"5420","0.01","0.64","0.75","0.77"
"5425","0.01","0.64","0.91","0.87"
"5430","0.05","0.60","0.71","0.72"
"5435","0.08","0.59","0.70","0.71"
"5440","0.03","0.66","0.77","0.88"
"5445","0.01","0.63","0.74","0.75"
"5450","0.07","0.70","0.94","0.82"
"5455","0.01","0.63","0.74","0.78"
"5460","0.08","0.71","0.82","0.83"
"5465","0.04","0.61","0.72","0.73"
"5470","0.02","0.63","0.74","0.92"
"5475","0.05","0.60","0.86","0.72"
"5480","0.04","0.67","0.78","0.79"
"5485","0.02","0.63","0.74","0.91"
"5490","0.03","0.62","0.73","0.74"
"5495","0.17","0.52","0.63","0.64"
"5500","0.05","0.62","0.83","0.86"
"5505","0.04","0.62","0.73","0.74"
"5510","0.02","0.66","0.77","0.78"
"5515","0.03","0.66","0.77","0.88"
"5520","0.03","0.61","0.72","0.73"
"5525","0.05","0.57","0.81","0.69"
"5530","0.07","0.57","0.68","0.84"
"5535","0.06","0.59","0.70","0.72"
"5540","0.06","0.60","0.71","0.73"
"5545","0.04","0.62","0.73","0.89"
"5550","0.07","0.63","0.86","0.75"
"5555","0.16","0.54","0.65","0.66"
"5560","0.53","0.66","0.77","0.80"
"5565","0.55","0.68","0.79","0.80"
"5570","0.05","0.62","0.73","0.74"
"5575","0.05","0.62","0.85","0.84"
"5580","0.08","0.68","0.79","0.80"
"5585","0.08","0.70","0.81","0.82"
"5590","0.01","0.65","0.76","0.95"
"5595","0.03","0.62","0.73","0.74"
"5600","0.05","0.68","0.94","0.80"
"5605","0.02","0.63","0.74","0.94"
"5610","0.02","0.64","0.75","0.76"
"5615","0.12","0.55","0.66","0.67"
"5620","0.01","0.65","0.76","0.79"
"5625","0.05","0.60","0.86","0.72"
"5630","0.03","0.66","0.77","0.78"
"5635","0.03","0.66","0.77","0.95"
"5640","0.08","0.70","0.81","0.82"
"5645","0.05","0.68","0.79","0.80"
"5650","0.02","0.64","0.91","0.79"
"5655","0.07","0.70","0.81","0.82"
"5660","0.02","0.64","0.75","0.76"
"5665","0.04","0.67","0.78","0.91"
"5670","0.04","0.61","0.72","0.73"
"5675","0.17","0.51","0.74","0.64"
"5680","0.02","0.64","0.75","0.92"
"5685","0.01","0.65","0.76","0.77"
"5690","0.02","0.65","0.76","0.77"
"5695","0.05","0.60","0.71","0.84"
"5700","0.05","0.68","1.00","0.80"
"5705","0.07","0.58","0.69","0.71"
"5710","0.01","0.64","0.75","0.93"
"5715","0.03","0.66","0.77","0.78"
"5720","0.02","0.64","0.75","0.76"
"5725","0.02","0.64","0.86","0.84"
"5730","0.03","0.61","0.72","0.73"
"5735","0.11","0.57","0.68","0.69"
"5740","0.03","0.66","0.77","1.02"
"5745","0.07","0.69","0.80","0.81"
"5750","0.03","0.66","0.96","0.78"
"5755","0.05","0.63","0.74","0.88"
"5760","0.11","0.58","0.69","0.70"
"5765","0.02","0.66","0.77","0.78"
"5770","0.04","0.64","0.75","0.83"
"5775","0.06","0.61","0.83","0.74"
"5780","0.03","0.64","0.75","0.76"
"5785","0.06","0.64","0.75","0.85"
"5790","0.02","0.62","0.73","0.74"
"5795","0.23","0.52","0.63","0.64"
"5800","0.03","0.64","0.88","0.89"
"5805","0.07","0.67","0.78","0.79"
"5810","0.55","0.68","0.79","0.80"
"5815","0.47","0.60","0.71","0.89"
"5820","0.05","0.59","0.70","0.71"
"5825","0.08","0.58","0.77","0.71"
"5830","0.05","0.66","0.77","0.99"
"5835","0.55","0.68","0.79","0.80"
"5840","0.53","0.66","0.77","0.78"
"5845","0.07","0.68","0.79","0.91"
"5850","0.02","0.63","0.92","0.75"
"5855","0.20","0.49","0.60","0.61"
"5860","0.01","0.64","0.75","0.82"
"5865","0.02","0.64","0.75","0.76"
"5870","0.04","0.65","0.76","0.77"
"5875","0.47","0.60","0.92","0.79"
"5880","0.53","0.66","0.77","0.79"
"5885","0.06","0.59","0.70","0.71"
"5890","0.03","0.66","0.77","0.89"
"5895","0.02","0.64","0.75","0.76"
"5900","0.53","0.66","0.96","0.78"
"5905","0.49","0.62","0.73","0.82"
"5910","0.09","0.65","0.76","0.77"
"5915","0.14","0.53","0.64","0.65"
"5920","0.02","0.65","0.76","0.87"
"5925","0.03","0.62","0.90","0.74"
"5930","0.08","0.67","0.78","0.79"
"5935","0.09","0.67","0.78","0.88"
"5940","0.50","0.63","0.74","0.75"
"5945","0.51","0.64","0.75","0.76"
"5950","0.03","0.64","0.89","0.85"
"5955","0.08","0.67","0.78","0.79"
"5960","0.07","0.66","0.77","0.79"
"5965","0.06","0.56","0.67","0.79"
"5970","0.15","0.48","0.59","0.60"
"5975","0.15","0.54","0.78","0.66"
"5980","0.01","0.65","0.76","0.89"
"5985","0.06","0.60","0.71","0.72"
"5990","0.79","0.67","0.78","0.79"
"5995","0.52","0.65","0.76","0.83"
"6000","0.07","0.66","0.95","0.78"
"6005","0.07","0.58","0.69","0.70"
"6010","0.03","0.67","0.78","0.90"
"6015","0.04","0.67","0.78","0.79"
"6020","0.05","0.62","0.73","0.74"
"6025","0.02","0.58","0.84","0.74"
"6030","0.03","0.62","0.73","0.74"
"6035","0.22","0.52","0.63","0.64"
"6040","0.07","0.67","0.78","0.83"
"6045","0.51","0.64","0.75","0.77"
"6050","0.54","0.67","0.87","0.79"
"6055","0.02","0.61","0.72","0.82"
"6060","0.06","0.65","0.76","0.77"
"6065","0.03","0.61","0.72","0.73"
"6070","0.05","0.68","0.79","1.01"
"6075","0.05","0.61","0.89","0.73"
"6080","0.75","0.62","0.73","0.74"
"6085","0.50","0.63","0.74","0.93"
"6090","0.06","0.64","0.75","0.76"
"6095","0.19","0.49","0.60","0.61"
"6100","0.02","0.63","0.79","0.89"
"6105","0.47","0.60","0.71","0.72"
"6110","0.49","0.62","0.73","0.74"
"6115","0.04","0.63","0.74","0.88"
"6120","0.06","0.68","0.79","0.80"
"6125","0.04","0.65","0.89","0.77"
"6130","0.51","0.64","0.75","0.95"
"6135","0.54","0.67","0.78","0.79"
"6140","0.77","0.64","0.75","0.76"
"6145","0.05","0.61","0.72","0.87"
"6150","0.03","0.61","0.81","0.73"
"6155","0.09","0.58","0.69","0.70"
"6160","0.31","0.66","0.77","0.86"
"6165","0.30","0.65","0.76","0.77"
"6170","0.06","0.68","0.79","0.80"
"6175","0.03","0.61","0.89","0.94"
"6180","0.07","0.69","0.80","0.81"
"6185","0.09","0.66","0.77","0.78"
"6190","0.10","0.59","0.70","0.89"
"6195","0.04","0.65","0.76","0.77"
"6200","0.07","0.66","0.78","0.79"
"6205","0.03","0.60","0.71","0.80"
"6210","0.08","0.57","0.68","0.69"
"6215","0.19","0.54","0.65","0.66"
"6220","0.09","0.68","0.79","0.96"
"6225","0.54","0.67","0.93","0.79"
"6230","0.54","0.67","0.78","0.79"
"6235","0.03","0.63","0.74","0.84"
"6240","0.03","0.65","0.76","0.77"
"6245","0.03","0.64","0.75","0.76"
"6250","0.01","0.65","0.83","0.92"
"6255","0.03","0.65","0.76","0.77"
"6260","0.03","0.66","0.77","0.78"
"6265","0.03","0.62","0.73","0.92"
"6270","0.01","0.63","0.74","0.75"
"6275","0.14","0.53","0.77","0.65"
"6280","0.05","0.68","0.79","0.99"
"6285","0.04","0.65","0.76","0.77"
"6290","0.06","0.60","0.71","0.72"
"6295","0.50","0.64","0.75","0.90"
"6300","0.51","0.64","0.87","0.76"
"6305","0.03","0.61","0.72","0.73"
"6310","0.10","0.69","0.80","0.97"
"6315","0.04","0.66","0.77","0.78"
"6320","0.03","0.66","0.77","0.79"
"6325","0.06","0.68","0.85","0.90"
"6330","0.04","0.61","0.72","0.73"
"6335","0.14","0.53","0.64","0.65"
"6340","0.03","0.66","0.77","0.94"
"6345","0.06","0.68","0.79","0.80"
"6350","0.05","0.68","0.99","0.80"
"6355","0.02","0.65","0.76","0.87"
"6360","0.03","0.63","0.74","0.75"
"6365","0.06","0.68","0.79","0.80"
"6370","0.02","0.66","0.77","0.92"
"6375","0.07","0.69","0.86","0.82"
"6380","0.02","0.66","0.77","0.78"
"6385","0.03","0.62","0.73","0.75"
"6390","0.08","0.57","0.68","0.69"
"6395","0.17","0.56","0.67","0.68"
"6400","0.04","0.65","0.83","1.01"
"6405","0.07","0.67","0.78","0.79"
"6410","0.04","0.65","0.76","0.77"
"6415","0.06","0.59","0.70","0.80"
"6420","0.55","0.68","0.79","0.80"
"6425","0.53","0.66","0.89","0.78"
"6430","0.04","0.65","0.76","0.81"
"6435","0.02","0.66","0.77","0.78"
"6440","0.07","0.69","0.80","0.81"
"6445","0.03","0.66","0.77","0.91"
"6450","0.03","0.61","0.81","0.73"
"6455","0.12","0.58","0.69","0.70"
"6460","0.80","0.68","0.79","1.00"
"6465","0.05","0.56","0.67","0.68"
"6470","0.07","0.52","0.63","0.64"
"6475","0.43","0.56","0.75","0.69"
"6480","0.50","0.63","0.74","0.75"
"6485","0.10","0.69","0.80","0.81"
"6490","0.01","0.64","0.75","0.88"
"6495","0.02","0.65","0.76","0.77"
"6500","0.05","0.67","1.03","0.79"
"6505","0.03","0.63","0.74","0.92"
"6510","0.02","0.62","0.73","0.74"
"6515","0.18","0.54","0.65","0.67"
"6520","0.04","0.63","0.74","0.83"
"6525","0.05","0.59","0.82","0.71"
"6530","0.52","0.65","0.76","0.77"
"6535","0.51","0.64","0.75","0.95"
"6540","0.09","0.67","0.78","0.79"
"6545","0.07","0.59","0.70","0.71"
"6550","0.03","0.62","0.80","0.89"
"6555","0.04","0.60","0.71","0.72"
"6560","0.04","0.65","0.76","0.77"
"6565","0.50","0.63","0.74","0.82"
"6570","0.53","0.66","0.77","0.78"
"6575","0.13","0.55","0.84","0.67"
"6580","0.04","0.62","0.73","0.79"
"6585","0.02","0.61","0.72","0.73"
"6590","0.49","0.62","0.73","0.74"
"6595","0.53","0.66","0.77","0.96"
"6600","0.08","0.67","0.90","0.79"
"6605","0.03","0.66","0.77","0.79"
"6610","0.05","0.67","0.78","0.95"
"6615","0.12","0.54","0.65","0.67"
"6620","0.07","0.67","0.78","0.79"
"6625","0.04","0.60","0.90","0.87"
"6630","0.02","0.56","0.67","0.68"
"6635","0.16","0.50","0.61","0.62"
"6640","0.02","0.63","0.74","0.95"
"6645","0.55","0.68","0.79","0.80"
"6650","0.49","0.62","0.90","0.74"
"6655","0.03","0.64","0.75","0.78"
"6660","0.02","0.65","0.76","0.77"
"6665","0.08","0.65","0.76","0.77"
"6670","0.06","0.66","0.77","0.81"
"6675","0.05","0.64","0.89","0.76"
"6680","0.49","0.62","0.73","0.74"
"6685","0.49","0.62","0.73","0.88"
"6690","0.06","0.63","0.74","0.75"
"6695","0.12","0.56","0.67","0.68"
"6700","0.04","0.63","0.89","0.90"
"6705","0.50","0.64","0.75","0.76"
"6710","0.49","0.62","0.73","0.74"
"6715","0.04","0.65","0.76","0.96"
"6720","0.02","0.65","0.76","0.77"
"6725","0.10","0.67","1.00","0.79"
"6730","0.05","0.62","0.73","0.94"
"6735","0.07","0.67","0.78","0.79"
"6740","0.58","0.71","0.82","0.83"
"6745","0.53","0.66","0.77","0.88"
"6750","0.06","0.64","0.91","0.76"
"6755","0.24","0.49","0.60","0.61"
"6760","0.04","0.63","0.74","0.85"
"6765","0.05","0.68","0.79","0.80"
"6770","0.07","0.69","0.80","0.81"
"6775","0.05","0.67","0.96","1.00"
"6780","0.06","0.69","0.80","0.81"
"6785","0.06","0.69","0.80","0.81"
"6790","0.02","0.65","0.76","0.95"
"6795","0.02","0.63","0.74","0.75"
"6800","0.06","0.68","0.97","0.80"
"6805","0.04","0.66","0.77","0.83"
"6810","0.01","0.64","0.75","0.76"
"6815","0.11","0.57","0.68","0.69"
"6820","0.03","0.66","0.77","0.87"
"6825","0.05","0.68","0.96","0.80"
"6830","0.06","0.69","0.80","0.81"
"6835","0.04","0.66","0.77","0.88"
"6840","0.07","0.70","0.81","0.82"
"6845","0.05","0.63","0.74","0.75"
"6850","0.78","0.66","0.93","0.94"
"6855","0.51","0.64","0.75","0.76"
"6860","0.74","0.62","0.73","0.74"
"6865","0.01","0.64","0.75","0.92"
"6870","0.25","0.62","0.73","0.74"
"6875","0.17","0.50","0.69","0.62"
"6880","0.10","0.57","0.68","0.77"
"6885","0.05","0.68","0.79","0.80"
"6890","0.82","0.69","0.80","0.81"
"6895","0.04","0.57","0.68","0.82"
"6900","0.01","0.64","0.89","0.76"
"6905","0.11","0.55","0.66","0.67"
"6910","0.07","0.59","0.70","0.86"
"6915","0.14","0.52","0.63","0.64"
"6920","0.09","0.60","0.71","0.72"
"6925","0.52","0.65","0.91","1.00"
"6930","0.52","0.65","0.76","0.78"
"6935","0.21","0.53","0.64","0.65"
"6940","0.05","0.68","0.79","0.97"
"6945","0.02","0.64","0.75","0.76"
"6950","0.01","0.65","0.82","0.77"
"6955","0.02","0.64","0.75","0.93"
"6960","0.06","0.66","0.77","0.78"
"6965","0.02","0.60","0.71","0.72"
"6970","0.08","0.67","0.78","0.89"
"6975","0.11","0.56","0.83","0.68"
"6980","0.02","0.64","0.75","0.76"
"6985","0.03","0.64","0.75","0.98"
"6990","0.47","0.60","0.71","0.72"
"6995","0.43","0.56","0.67","0.68"
"7000","0.03","0.63","0.93","0.93"
"7005","0.09","0.57","0.68","0.69"
"7010","0.02","0.64","0.75","0.76"
"7015","0.45","0.58","0.69","0.86"
"7020","0.50","0.64","0.75","0.76"
"7025","0.08","0.67","0.96","0.79"
"7030","0.01","0.65","0.76","0.78"
"7035","0.05","0.61","0.72","0.73"
"7040","0.03","0.76","0.77","0.78"
"7045","0.04","0.71","0.72","0.92"
"7050","0.03","0.71","0.91","0.73"
"7055","0.12","0.68","0.69","0.70"
"7060","0.06","0.76","0.77","0.91"
"7065","0.04","0.72","0.73","0.74"
"7070","0.56","0.79","0.80","0.81"
"7075","0.46","0.69","0.78","0.75"
"7080","0.83","0.80","0.81","0.83"
"7085","0.07","0.79","0.80","0.81"
"7090","0.02","0.73","0.74","0.79"
"7095","0.05","0.77","0.78","0.79"
"7100","0.20","0.80","0.92","0.82"
"7105","0.24","0.78","0.79","0.94"
"7110","0.03","0.69","0.70","0.71"
"7115","0.12","0.63","0.64","0.65"
"7120","0.04","0.72","0.73","0.87"
"7125","0.06","0.76","0.99","0.78"
"7130","0.08","0.77","0.78","0.79"
"7135","0.53","0.76","0.77","1.01"
"7140","0.52","0.75","0.76","0.77"
"7145","0.04","0.71","0.72","0.73"
"7150","0.04","0.77","0.87","0.95"
"7155","0.05","0.75","0.76","0.77"
"7160","0.49","0.72","0.73","0.74"
"7165","0.43","0.66","0.67","0.69"
"7170","0.04","0.69","0.70","0.71"
"7175","0.14","0.64","0.70","0.66"
"7180","0.74","0.72","0.73","0.81"
"7185","0.47","0.70","0.71","0.72"
"7190","0.02","0.74","0.75","0.76"
"7195","0.02","0.75","0.76","0.98"
