"INDEX(MINUTES)","ACTUAL- CPU USAGE","ACTUAL MEMORY USAGE","CURRENT VM RUNNING COST(BASED ON INPUT FROM  DATASET )","STDVM-CURRENT VM RUNNING COST","IQRMC-CURRENT VM RUNNING COST","IQRMMT-CURRENT VM RUNNING COST","LRMMT-CURRENT VM RUNNING COST"
"0","153","944","0.81388","0.86601","1.56004","1.56004","1.56004"
"5","152","960","0.81632","0.86601","1.56004","1.56004","1.56004"
"10","148","870","0.77218","0.86601","1.56004","1.56004","1.56004"
"15","157","983","0.84017","1.18564","1.56004","1.56004","1.56004"
"20","149","1000","0.82084","1.18564","1.56004","1.56004","1.56004"
"25","157","1009","0.84927","1.18564","1.56004","1.56004","1.56004"
"30","157","1094","0.87902","1.18564","1.56004","1.56004","1.56004"
"35","159","1029","0.86259","1.31446","1.56004","1.56004","1.56004"
"40","151","767","0.74561","1.46504","1.56004","1.56004","1.56004"
"45","158","893","0.81183","1.46504","1.56004","1.56004","1.56004"
"50","152","980","0.82332","1.46504","1.56004","1.56004","1.56004"
"55","153","860","0.78448","1.46504","1.56004","1.56004","1.56004"
"60","152","901","0.79567","1.46504","1.56004","1.56004","1.56004"
"65","155","998","0.8391","1.46504","1.56004","1.56004","1.56004"
"70","144","901","0.77039","1.46504","1.56004","1.56004","1.56004"
"75","144","958","0.79034","1.46504","1.56004","1.56004","1.56004"
"80","145","860","0.7592","1.46504","1.56004","1.56004","1.56004"
"85","141","966","0.78366","1.46504","1.56004","1.56004","1.56004"
"90","147","1178","0.87682","1.46504","1.56004","1.56004","1.56004"
"95","136","999","0.77941","1.46504","1.56004","1.56004","1.56004"
"100","150","819","0.76065","1.46504","1.56004","1.56004","1.56004"
"105","157","996","0.84472","1.46504","1.56004","1.56004","1.56004"
"110","155","931","0.81565","1.46504","1.56004","1.56004","1.56004"
"115","151","865","0.77991","1.46504","1.56004","1.56004","1.56004"
"120","151","764","0.74456","1.56004","1.56004","1.56004","1.56004"
"125","157","813","0.78067","1.56004","1.56004","1.56004","1.56004"
"130","150","870","0.7785","1.46504","1.56004","1.56004","1.56004"
"135","153","931","0.80933","1.31446","1.56004","1.56004","1.56004"
"140","152","893","0.79287","1.31446","1.56004","1.56004","1.56004"
"145","157","936","0.82372","1.31446","1.56004","1.56004","1.56004"
"150","160","940","0.8346","1.31446","1.56004","1.56004","1.56004"
"155","150","911","0.79285","1.31446","1.56004","1.56004","1.56004"
"160","159","917","0.82339","1.31446","1.56004","1.56004","1.56004"
"165","170","900","0.8522","1.31446","1.56004","1.56004","1.56004"
"170","150","940","0.803","1.31446","1.56004","1.56004","1.56004"
"175","156","945","0.82371","1.31446","1.56004","1.56004","1.56004"
"180","151","933","0.80371","1.31446","1.56004","1.56004","1.56004"
"185","153","900","0.79848","1.46504","1.56004","1.56004","1.56004"
"190","154","900","0.80164","1.56004","1.56004","1.56004","1.56004"
"195","157","960","0.83212","1.56004","1.56004","1.56004","1.56004"
"200","152","900","0.79532","1.46504","1.56004","1.56004","1.56004"
"205","156","950","0.82546","1.31446","1.56004","1.56004","1.56004"
"210","159","1010","0.85594","1.31446","1.56004","1.56004","1.56004"
"215","156","995","0.84121","1.31446","1.56004","1.56004","1.56004"
"220","149","880","0.77884","1.31446","1.56004","1.56004","1.56004"
"225","157","884","0.80552","1.46504","1.56004","1.56004","1.56004"
"230","151","893","0.78971","1.56004","1.56004","1.56004","1.56004"
"235","157","890","0.80762","1.56004","1.56004","1.56004","1.56004"
"240","151","983","0.82121","1.46504","1.56004","1.56004","1.56004"
"245","163","970","0.85458","1.31446","1.56004","1.56004","1.56004"
"250","145","993","0.80575","1.31446","1.56004","1.56004","1.56004"
"255","156","950","0.82546","1.31446","1.56004","1.56004","1.56004"
"260","152","933","0.80687","1.31446","1.56004","1.56004","1.56004"
"265","151","940","0.80616","1.46504","1.56004","1.56004","1.56004"
"270","161","1000","0.85876","1.46504","1.56004","1.56004","1.56004"
"275","156","988","0.83876","1.46504","1.56004","1.56004","1.56004"
"280","150","903","0.79005","1.46504","1.56004","1.56004","1.56004"
"285","151","860","0.77816","1.56004","1.56004","1.56004","1.56004"
"290","149","961","0.80719","1.56004","1.56004","1.56004","1.56004"
"295","153","898","0.79778","1.56004","1.56004","1.56004","1.56004"
"300","152","930","0.80582","1.56004","1.56004","1.56004","1.56004"
"305","160","890","0.8171","1.46504","1.56004","1.56004","1.56004"
"310","151","865","0.77991","1.31446","1.56004","1.56004","1.56004"
"315","160","903","0.82165","1.46504","1.56004","1.56004","1.56004"
"320","153","865","0.78623","1.46504","1.56004","1.56004","1.56004"
"325","157","868","0.79992","1.46504","1.56004","1.56004","1.56004"
"330","162","1037","0.87487","1.46504","1.56004","1.56004","1.56004"
"335","150","1040","0.838","1.46504","1.56004","1.56004","1.56004"
"340","149","920","0.79284","1.46504","1.56004","1.56004","1.56004"
"345","156","881","0.80131","1.46504","1.56004","1.56004","1.56004"
"350","150","893","0.78655","1.56004","1.56004","1.56004","1.56004"
"355","152","893","0.79287","1.56004","1.56004","1.56004","1.56004"
"360","152","852","0.77852","1.56004","1.56004","1.56004","1.56004"
"365","151","865","0.77991","1.56004","1.56004","1.56004","1.56004"
"370","150","991","0.82085","1.46504","1.56004","1.56004","1.56004"
"375","155","819","0.77645","1.31446","1.56004","1.56004","1.56004"
"380","154","958","0.82194","1.31446","1.56004","1.56004","1.56004"
"385","159","893","0.81499","1.31446","1.56004","1.56004","1.56004"
"390","157","890","0.80762","1.46504","1.56004","1.56004","1.56004"
"395","151","892","0.78936","1.46504","1.56004","1.56004","1.56004"
"400","150","884","0.7834","1.46504","1.56004","1.56004","1.56004"
"405","156","852","0.79116","1.46504","1.56004","1.56004","1.56004"
"410","155","888","0.8006","1.56004","1.56004","1.56004","1.56004"
"415","152","921","0.80267","1.56004","1.56004","1.56004","1.56004"
"420","151","920","0.79916","1.56004","1.56004","1.56004","1.56004"
"425","150","928","0.7988","1.56004","1.56004","1.56004","1.56004"
"430","149","942","0.80054","1.46504","1.56004","1.56004","1.56004"
"435","164","925","0.84199","1.31446","1.56004","1.56004","1.56004"
"440","159","891","0.81429","1.46504","1.56004","1.56004","1.56004"
"445","155","910","0.8083","1.56004","1.56004","1.56004","1.56004"
"450","161","1171","0.91861","1.56004","1.56004","1.56004","1.56004"
"455","150","1141","0.87335","1.46504","1.56004","1.56004","1.56004"
"460","149","988","0.81664","1.31446","1.56004","1.56004","1.56004"
"465","171","943","0.87041","1.46504","1.56004","1.56004","1.56004"
"470","151","973","0.81771","1.56004","1.56004","1.56004","1.56004"
"475","155","1020","0.8468","1.56004","1.56004","1.56004","1.56004"
"480","155","938","0.8181","1.46504","1.56004","1.56004","1.56004"
"485","158","1020","0.85628","1.31446","1.56004","1.56004","1.56004"
"490","150","933","0.80055","1.46504","1.56004","1.56004","1.56004"
"495","161","930","0.83426","1.56004","1.56004","1.56004","1.56004"
"500","154","929","0.81179","1.56004","1.56004","1.56004","1.56004"
"505","162","1007","0.86437","1.46504","1.56004","1.56004","1.56004"
"510","170","1220","0.9642","1.31446","1.56004","1.56004","1.56004"
"515","184","1040","0.94544","1.46504","1.56004","1.56004","1.56004"
"520","151","936","0.80476","1.56004","1.56004","1.56004","1.56004"
"525","156","843","0.78801","1.56004","1.56004","1.56004","1.56004"
"530","151","895","0.79041","1.46504","1.56004","1.56004","1.56004"
"535","168","903","0.84693","1.31446","1.56004","1.56004","1.56004"
"540","151","937","0.80511","1.31446","1.56004","1.56004","1.56004"
"545","157","962","0.83282","1.31446","1.56004","1.56004","1.56004"
"550","149","972","0.81104","1.31446","1.56004","1.56004","1.56004"
"555","162","953","0.84547","1.31446","1.56004","1.56004","1.56004"
"560","152","1000","0.83032","1.31446","1.56004","1.56004","1.56004"
"565","157","1032","0.85732","1.31446","1.56004","1.56004","1.56004"
"570","160","1185","0.92035","1.31446","1.56004","1.56004","1.56004"
"575","153","975","0.82473","1.31446","1.56004","1.56004","1.56004"
"580","150","887","0.78445","1.46504","1.56004","1.56004","1.56004"
"585","156","865","0.79571","1.56004","1.56004","1.56004","1.56004"
"590","155","904","0.8062","1.56004","1.56004","1.56004","1.56004"
"595","155","911","0.80865","1.46504","1.56004","1.56004","1.56004"
"600","156","930","0.81846","1.31446","1.56004","1.56004","1.56004"
"605","165","950","0.8539","1.31446","1.56004","1.56004","1.56004"
"610","174","990","0.89634","1.31446","1.56004","1.56004","1.56004"
"615","155","979","0.83245","1.31446","1.56004","1.56004","1.56004"
"620","151","940","0.80616","1.46504","1.56004","1.56004","1.56004"
"625","158","950","0.83178","1.56004","1.56004","1.56004","1.56004"
"630","168","1200","0.95088","1.56004","1.56004","1.56004","1.56004"
"635","158","1070","0.87378","1.56004","1.56004","1.56004","1.56004"
"640","152","778","0.75262","1.56004","1.56004","1.56004","1.56004"
"645","165","974","0.8623","1.46504","1.56004","1.56004","1.56004"
"650","172","1001","0.89387","1.31446","1.56004","1.56004","1.56004"
"655","159","992","0.84964","1.31446","1.56004","1.56004","1.56004"
"660","151","999","0.82681","1.31446","1.56004","1.56004","1.56004"
"665","157","893","0.80867","1.31446","1.56004","1.56004","1.56004"
"670","151","802","0.75786","1.46504","1.56004","1.56004","1.56004"
"675","162","813","0.79647","1.46504","1.56004","1.56004","1.56004"
"680","173","960","0.88268","1.46504","1.56004","1.56004","1.56004"
"685","151","961","0.81351","1.46504","1.56004","1.56004","1.56004"
"690","159","1175","0.91369","1.46504","1.56004","1.56004","1.56004"
"695","151","999","0.82681","1.46504","1.56004","1.56004","1.56004"
"700","151","788","0.75296","1.46504","1.56004","1.56004","1.56004"
"705","156","947","0.82441","1.46504","1.56004","1.56004","1.56004"
"710","155","931","0.81565","1.46504","1.56004","1.56004","1.56004"
"715","157","980","0.83912","1.46504","1.56004","1.56004","1.56004"
"720","150","832","0.7652","1.46504","1.56004","1.56004","1.56004"
"725","162","832","0.80312","1.46504","1.56004","1.56004","1.56004"
"730","152","895","0.79357","1.46504","1.56004","1.56004","1.56004"
"735","152","895","0.79357","1.46504","1.56004","1.56004","1.56004"
"740","153","974","0.82438","1.46504","1.56004","1.56004","1.56004"
"745","161","890","0.82026","1.46504","1.56004","1.56004","1.56004"
"750","159","1260","0.94344","1.46504","1.56004","1.56004","1.56004"
"755","155","1020","0.8468","1.46504","1.56004","1.56004","1.56004"
"760","153","983","0.82753","1.46504","1.56004","1.56004","1.56004"
"765","155","901","0.80515","1.46504","1.56004","1.56004","1.56004"
"770","152","862","0.78202","1.46504","1.56004","1.56004","1.56004"
"775","151","942","0.80686","1.46504","1.56004","1.56004","1.56004"
"780","154","852","0.78484","1.46504","1.56004","1.56004","1.56004"
"785","155","950","0.8223","1.46504","1.56004","1.56004","1.56004"
"790","154","860","0.78764","1.46504","1.56004","1.56004","1.56004"
"795","158","917","0.82023","1.46504","1.56004","1.56004","1.56004"
"800","153","999","0.83313","1.46504","1.56004","1.56004","1.56004"
"805","155","868","0.7936","1.46504","1.56004","1.56004","1.56004"
"810","157","1180","0.90912","1.46504","1.56004","1.56004","1.56004"
"815","162","970","0.85142","1.46504","1.56004","1.56004","1.56004"
"820","159","974","0.84334","1.46504","1.56004","1.56004","1.56004"
"825","150","843","0.76905","1.56004","1.56004","1.56004","1.56004"
"830","156","895","0.80621","1.56004","1.56004","1.56004","1.56004"
"835","151","868","0.78096","1.46504","1.56004","1.56004","1.56004"
"840","151","931","0.80301","1.31446","1.56004","1.56004","1.56004"
"845","153","917","0.80443","1.31446","1.56004","1.56004","1.56004"
"850","155","945","0.82055","1.31446","1.56004","1.56004","1.56004"
"855","162","990","0.85842","1.31446","1.56004","1.56004","1.56004"
"860","150","881","0.78235","1.31446","1.56004","1.56004","1.56004"
"865","154","942","0.81634","1.31446","1.56004","1.56004","1.56004"
"870","159","1081","0.88079","1.31446","1.56004","1.56004","1.56004"
"875","154","1081","0.86499","1.46504","1.56004","1.56004","1.56004"
"880","160","1004","0.857","1.46504","1.56004","1.56004","1.56004"
"885","166","1010","0.87806","1.46504","1.56004","1.56004","1.56004"
"890","167","1042","0.89242","1.46504","1.56004","1.56004","1.56004"
"895","155","972","0.83","1.46504","1.56004","1.56004","1.56004"
"900","163","879","0.82273","1.46504","1.56004","1.56004","1.56004"
"905","160","915","0.82585","1.46504","1.56004","1.56004","1.56004"
"910","160","910","0.8241","1.56004","1.56004","1.56004","1.56004"
"915","160","970","0.8451","1.56004","1.56004","1.56004","1.56004"
"920","154","910","0.80514","1.46504","1.56004","1.56004","1.56004"
"925","173","950","0.87918","1.31446","1.56004","1.56004","1.56004"
"930","162","1180","0.92492","1.31446","1.56004","1.56004","1.56004"
"935","152","1000","0.83032","1.31446","1.56004","1.56004","1.56004"
"940","151","880","0.78516","1.46504","1.56004","1.56004","1.56004"
"945","158","875","0.80553","1.56004","1.56004","1.56004","1.56004"
"950","155","931","0.81565","1.56004","1.56004","1.56004","1.56004"
"955","157","942","0.82582","1.46504","1.56004","1.56004","1.56004"
"960","152","890","0.79182","1.31446","1.56004","1.56004","1.56004"
"965","156","811","0.77681","1.46504","1.56004","1.56004","1.56004"
"970","151","985","0.82191","1.46504","1.56004","1.56004","1.56004"
"975","157","944","0.82652","1.46504","1.56004","1.56004","1.56004"
"980","155","906","0.8069","1.46504","1.56004","1.56004","1.56004"
"985","183","940","0.90728","1.46504","1.56004","1.56004","1.56004"
"990","163","945","0.84583","1.46504","1.56004","1.56004","1.56004"
"995","193","1081","0.98823","1.46504","1.56004","1.56004","1.56004"
"1000","164","983","0.86229","1.56004","1.56004","1.56004","1.56004"
"1005","151","876","0.78376","1.56004","1.56004","1.56004","1.56004"
"1010","150","893","0.78655","1.46504","1.56004","1.56004","1.56004"
"1015","158","999","0.84893","1.31446","1.56004","1.56004","1.56004"
"1020","157","868","0.79992","1.31446","1.56004","1.56004","1.56004"
"1025","156","933","0.81951","1.31446","1.56004","1.56004","1.56004"
"1030","150","942","0.8037","1.46504","1.56004","1.56004","1.56004"
"1035","156","827","0.78241","1.46504","1.56004","1.56004","1.56004"
"1040","150","788","0.7498","1.46504","1.56004","1.56004","1.56004"
"1045","152","838","0.77362","1.46504","1.56004","1.56004","1.56004"
"1050","160","1106","0.8927","1.56004","1.56004","1.56004","1.56004"
"1055","155","1150","0.8923","1.56004","1.56004","1.56004","1.56004"
"1060","155","969","0.82895","1.56004","1.56004","1.56004","1.56004"
"1065","159","1037","0.86539","1.56004","1.56004","1.56004","1.56004"
"1070","151","961","0.81351","1.46504","1.56004","1.56004","1.56004"
"1075","159","911","0.82129","1.31446","1.56004","1.56004","1.56004"
"1080","152","920","0.80232","1.46504","1.56004","1.56004","1.56004"
"1085","151","955","0.81141","1.56004","1.56004","1.56004","1.56004"
"1090","162","910","0.83042","1.56004","1.56004","1.56004","1.56004"
"1095","163","915","0.83533","1.56004","1.56004","1.56004","1.56004"
"1100","152","920","0.80232","1.56004","1.56004","1.56004","1.56004"
"1105","151","955","0.81141","1.46504","1.56004","1.56004","1.56004"
"1110","160","1097","0.88955","1.31446","1.56004","1.56004","1.56004"
"1115","156","1010","0.84646","1.46504","1.56004","1.56004","1.56004"
"1120","159","914","0.82234","1.56004","1.56004","1.56004","1.56004"
"1125","158","910","0.81778","1.56004","1.56004","1.56004","1.56004"
"1130","151","936","0.80476","1.46504","1.56004","1.56004","1.56004"
"1135","157","906","0.81322","1.31446","1.56004","1.56004","1.56004"
"1140","159","920","0.82444","1.46504","1.56004","1.56004","1.56004"
"1145","163","940","0.84408","1.56004","1.56004","1.56004","1.56004"
"1150","179","950","0.89814","1.56004","1.56004","1.56004","1.56004"
"1155","162","925","0.83567","1.56004","1.56004","1.56004","1.56004"
"1160","152","901","0.79567","1.56004","1.56004","1.56004","1.56004"
"1165","154","910","0.80514","1.46504","1.56004","1.56004","1.56004"
"1170","160","1200","0.9256","1.31446","1.56004","1.56004","1.56004"
"1175","151","1000","0.82716","1.46504","1.56004","1.56004","1.56004"
"1180","151","860","0.77816","1.46504","1.56004","1.56004","1.56004"
"1185","151","860","0.77816","1.46504","1.56004","1.56004","1.56004"
"1190","152","893","0.79287","1.46504","1.56004","1.56004","1.56004"
"1195","154","928","0.81144","1.46504","1.56004","1.56004","1.56004"
"1200","155","950","0.8223","1.46504","1.56004","1.56004","1.56004"
"1205","168","1020","0.88788","1.46504","1.56004","1.56004","1.56004"
"1210","155","925","0.81355","1.46504","1.56004","1.56004","1.56004"
"1215","154","977","0.82859","1.46504","1.56004","1.56004","1.56004"
"1220","151","911","0.79601","1.46504","1.56004","1.56004","1.56004"
"1225","152","998","0.82962","1.46504","1.56004","1.56004","1.56004"
"1230","160","1103","0.89165","1.46504","1.56004","1.56004","1.56004"
"1235","158","1030","0.85978","1.46504","1.56004","1.56004","1.56004"
"1240","151","909","0.79531","1.56004","1.56004","1.56004","1.56004"
"1245","152","745","0.74107","1.56004","1.56004","1.56004","1.56004"
"1250","152","808","0.76312","1.46504","1.56004","1.56004","1.56004"
"1255","153","862","0.78518","1.31446","1.56004","1.56004","1.56004"
"1260","152","939","0.80897","1.31446","1.56004","1.56004","1.56004"
"1265","158","933","0.82583","1.31446","1.56004","1.56004","1.56004"
"1270","152","854","0.77922","1.31446","1.56004","1.56004","1.56004"
"1275","153","960","0.81948","1.31446","1.56004","1.56004","1.56004"
"1280","152","950","0.81282","1.31446","1.56004","1.56004","1.56004"
"1285","159","966","0.84054","1.31446","1.56004","1.56004","1.56004"
"1290","160","1180","0.9186","1.31446","1.56004","1.56004","1.56004"
"1295","157","970","0.83562","1.31446","1.56004","1.56004","1.56004"
"1300","152","821","0.76767","1.31446","1.56004","1.56004","1.56004"
"1305","158","936","0.82688","1.46504","1.56004","1.56004","1.56004"
"1310","151","753","0.74071","1.46504","1.56004","1.56004","1.56004"
"1315","160","999","0.85525","1.46504","1.56004","1.56004","1.56004"
"1320","153","933","0.81003","1.46504","1.56004","1.56004","1.56004"
"1325","155","950","0.8223","1.46504","1.56004","1.56004","1.56004"
"1330","151","843","0.77221","1.46504","1.56004","1.56004","1.56004"
"1335","152","868","0.78412","1.46504","1.56004","1.56004","1.56004"
"1340","165","940","0.8504","1.46504","1.56004","1.56004","1.56004"
"1345","173","950","0.87918","1.46504","1.56004","1.56004","1.56004"
"1350","171","1000","0.89036","1.46504","1.56004","1.56004","1.56004"
"1355","160","1040","0.8696","1.46504","1.56004","1.56004","1.56004"
"1360","151","922","0.79986","1.46504","1.56004","1.56004","1.56004"
"1365","151","944","0.80756","1.46504","1.56004","1.56004","1.56004"
"1370","150","961","0.81035","1.46504","1.56004","1.56004","1.56004"
"1375","166","862","0.82626","1.46504","1.56004","1.56004","1.56004"
"1380","156","854","0.79186","1.46504","1.56004","1.56004","1.56004"
"1385","173","975","0.88793","1.46504","1.56004","1.56004","1.56004"
"1390","151","933","0.80371","1.46504","1.56004","1.56004","1.56004"
"1395","152","996","0.82892","1.46504","1.56004","1.56004","1.56004"
"1400","156","939","0.82161","1.46504","1.56004","1.56004","1.56004"
"1405","159","985","0.84719","1.46504","1.56004","1.56004","1.56004"
"1410","162","1040","0.87592","1.46504","1.56004","1.56004","1.56004"
"1415","153","1006","0.83558","1.46504","1.56004","1.56004","1.56004"
"1420","154","791","0.76349","1.46504","1.56004","1.56004","1.56004"
"1425","158","873","0.80483","1.46504","1.56004","1.56004","1.56004"
"1430","151","783","0.75121","1.56004","1.56004","1.56004","1.56004"
"1435","161","786","0.78386","1.56004","1.56004","1.56004","1.56004"
"1440","152","890","0.79182","1.56004","1.56004","1.56004","1.56004"
"1445","144","865","0.75779","1.56004","1.56004","1.56004","1.56004"
"1450","157","910","0.81462","1.46504","1.56004","1.56004","1.56004"
"1455","148","950","0.80018","1.31446","1.56004","1.56004","1.56004"
"1460","149","870","0.77534","1.31446","1.56004","1.56004","1.56004"
"1465","150","876","0.7806","1.31446","1.56004","1.56004","1.56004"
"1470","160","1100","0.8906","1.31446","1.56004","1.56004","1.56004"
"1475","151","970","0.81666","1.31446","1.56004","1.56004","1.56004"
"1480","151","884","0.78656","1.31446","1.56004","1.56004","1.56004"
"1485","158","993","0.84683","1.31446","1.56004","1.56004","1.56004"
"1490","151","942","0.80686","1.46504","1.56004","1.56004","1.56004"
"1495","160","876","0.8122","1.56004","1.56004","1.56004","1.56004"
"1500","151","958","0.81246","1.46504","1.56004","1.56004","1.56004"
"1505","156","942","0.82266","1.31446","1.56004","1.56004","1.56004"
"1510","149","958","0.80614","1.46504","1.56004","1.56004","1.56004"
"1515","155","860","0.7908","1.56004","1.56004","1.56004","1.56004"
"1520","151","925","0.80091","1.56004","1.56004","1.56004","1.56004"
"1525","134","903","0.73949","1.46504","1.56004","1.56004","1.56004"
"1530","138","1078","0.81338","1.31446","1.56004","1.56004","1.56004"
"1535","134","935","0.75069","1.31446","1.56004","1.56004","1.56004"
"1540","141","903","0.76161","1.31446","1.56004","1.56004","1.56004"
"1545","147","885","0.77427","1.31446","1.56004","1.56004","1.56004"
"1550","147","972","0.80472","1.46504","1.56004","1.56004","1.56004"
"1555","151","868","0.78096","1.56004","1.56004","1.56004","1.56004"
"1560","150","808","0.7568","1.46504","1.56004","1.56004","1.56004"
"1565","151","991","0.82401","1.31446","1.56004","1.56004","1.56004"
"1570","156","947","0.82441","1.18564","1.56004","1.56004","1.56004"
"1575","158","920","0.82128","1.31446","1.56004","1.56004","1.56004"
"1580","151","827","0.76661","1.46504","1.56004","1.56004","1.56004"
"1585","152","843","0.77537","1.46504","1.56004","1.56004","1.56004"
"1590","160","1070","0.8801","1.46504","1.56004","1.56004","1.56004"
"1595","157","940","0.82512","1.46504","1.56004","1.56004","1.56004"
"1600","151","829","0.76731","1.46504","1.56004","1.56004","1.56004"
"1605","150","824","0.7624","1.46504","1.56004","1.56004","1.56004"
"1610","150","895","0.78725","1.31446","1.56004","1.56004","1.56004"
"1615","151","909","0.79531","1.46504","1.56004","1.56004","1.56004"
"1620","152","862","0.78202","1.46504","1.56004","1.56004","1.56004"
"1625","153","885","0.79323","1.46504","1.56004","1.56004","1.56004"
"1630","152","860","0.78132","1.46504","1.56004","1.56004","1.56004"
"1635","157","910","0.81462","1.31446","1.56004","1.56004","1.56004"
"1640","149","909","0.78899","1.46504","1.56004","1.56004","1.56004"
"1645","157","947","0.82757","1.46504","1.56004","1.56004","1.56004"
"1650","158","1085","0.87903","1.46504","1.56004","1.56004","1.56004"
"1655","159","940","0.83144","1.46504","1.56004","1.56004","1.56004"
"1660","150","860","0.775","1.56004","1.56004","1.56004","1.56004"
"1665","156","901","0.80831","1.46504","1.56004","1.56004","1.56004"
"1670","150","950","0.8065","1.31446","1.56004","1.56004","1.56004"
"1675","158","925","0.82303","1.18564","1.56004","1.56004","1.56004"
"1680","151","893","0.78971","1.31446","1.56004","1.56004","1.56004"
"1685","161","993","0.85631","1.46504","1.56004","1.56004","1.56004"
"1690","152","1018","0.83662","1.46504","1.56004","1.56004","1.56004"
"1695","157","917","0.81707","1.46504","1.56004","1.56004","1.56004"
"1700","149","868","0.77464","1.46504","1.56004","1.56004","1.56004"
"1705","152","829","0.77047","1.31446","1.56004","1.56004","1.56004"
"1710","161","1138","0.90706","1.31446","1.56004","1.56004","1.56004"
"1715","157","1051","0.86397","1.31446","1.56004","1.56004","1.56004"
"1720","152","838","0.77362","1.46504","1.56004","1.56004","1.56004"
"1725","160","1024","0.864","1.56004","1.56004","1.56004","1.56004"
"1730","170","1067","0.91065","1.56004","1.56004","1.56004","1.56004"
"1735","162","1075","0.88817","1.46504","1.56004","1.56004","1.56004"
"1740","151","865","0.77991","1.31446","1.56004","1.56004","1.56004"
"1745","162","944","0.84232","1.18564","1.56004","1.56004","1.56004"
"1750","152","977","0.82227","1.31446","1.56004","1.56004","1.56004"
"1755","157","840","0.79012","1.46504","1.56004","1.56004","1.56004"
"1760","150","805","0.75575","1.46504","1.56004","1.56004","1.56004"
"1765","159","1048","0.86924","1.46504","1.56004","1.56004","1.56004"
"1770","163","1092","0.89728","1.46504","1.56004","1.56004","1.56004"
"1775","151","1053","0.84571","1.46504","1.56004","1.56004","1.56004"
"1780","150","857","0.77395","1.46504","1.56004","1.56004","1.56004"
"1785","156","879","0.80061","1.46504","1.56004","1.56004","1.56004"
"1790","150","860","0.775","1.56004","1.56004","1.56004","1.56004"
"1795","153","843","0.77853","1.46504","1.56004","1.56004","1.56004"
"1800","150","794","0.7519","1.31446","1.56004","1.56004","1.56004"
"1805","157","901","0.81147","1.18564","1.56004","1.56004","1.56004"
"1810","152","917","0.80127","1.18564","1.56004","1.56004","1.56004"
"1815","152","811","0.76417","1.18564","1.56004","1.56004","1.56004"
"1820","152","827","0.76977","1.18564","1.56004","1.56004","1.56004"
"1825","161","1024","0.86716","1.31446","1.56004","1.56004","1.56004"
"1830","159","1048","0.86924","1.46504","1.56004","1.56004","1.56004"
"1835","157","1130","0.89162","1.46504","1.56004","1.56004","1.56004"
"1840","151","903","0.79321","1.46504","1.56004","1.56004","1.56004"
"1845","150","772","0.7442","1.46504","1.56004","1.56004","1.56004"
"1850","149","840","0.76484","1.31446","1.56004","1.56004","1.56004"
"1855","151","985","0.82191","1.18564","1.56004","1.56004","1.56004"
"1860","154","917","0.80759","1.31446","1.56004","1.56004","1.56004"
"1865","156","1056","0.86256","1.46504","1.56004","1.56004","1.56004"
"1870","152","936","0.80792","1.46504","1.56004","1.56004","1.56004"
"1875","158","917","0.82023","1.46504","1.56004","1.56004","1.56004"
"1880","150","961","0.81035","1.46504","1.56004","1.56004","1.56004"
"1885","156","819","0.77961","1.31446","1.56004","1.56004","1.56004"
"1890","157","1146","0.89722","1.18564","1.56004","1.56004","1.56004"
"1895","149","1034","0.83274","1.31446","1.56004","1.56004","1.56004"
"1900","151","852","0.77536","1.46504","1.56004","1.56004","1.56004"
"1905","149","952","0.80404","1.46504","1.56004","1.56004","1.56004"
"1910","171","942","0.87006","1.46504","1.56004","1.56004","1.56004"
"1915","152","931","0.80617","1.46504","1.56004","1.56004","1.56004"
"1920","154","893","0.79919","1.46504","1.56004","1.56004","1.56004"
"1925","156","1146","0.89406","1.46504","1.56004","1.56004","1.56004"
"1930","151","933","0.80371","1.56004","1.56004","1.56004","1.56004"
"1935","150","816","0.7596","1.56004","1.56004","1.56004","1.56004"
"1940","149","901","0.78619","1.46504","1.56004","1.56004","1.56004"
"1945","156","819","0.77961","1.31446","1.56004","1.56004","1.56004"
"1950","161","1204","0.93016","1.31446","1.56004","1.56004","1.56004"
"1955","155","1138","0.8881","1.31446","1.56004","1.56004","1.56004"
"1960","149","958","0.80614","1.31446","1.56004","1.56004","1.56004"
"1965","156","991","0.83981","1.46504","1.56004","1.56004","1.56004"
"1970","152","819","0.76697","1.31446","1.56004","1.56004","1.56004"
"1975","164","901","0.83359","1.18564","1.56004","1.56004","1.56004"
"1980","155","860","0.7908","1.31446","1.56004","1.56004","1.56004"
"1985","156","966","0.83106","1.46504","1.56004","1.56004","1.56004"
"1990","183","983","0.92233","1.46504","1.56004","1.56004","1.56004"
"1995","174","1212","0.97404","1.46504","1.56004","1.56004","1.56004"
"2000","156","1127","0.88741","1.46504","1.56004","1.56004","1.56004"
"2005","167","1040","0.89172","1.56004","1.56004","1.56004","1.56004"
"2010","162","1231","0.94277","1.56004","1.56004","1.56004","1.56004"
"2015","152","1217","0.90627","1.56004","1.56004","1.56004","1.56004"
"2020","152","884","0.78972","1.56004","1.56004","1.56004","1.56004"
"2025","155","857","0.78975","1.46504","1.56004","1.56004","1.56004"
"2030","150","816","0.7596","1.31446","1.56004","1.56004","1.56004"
"2035","162","920","0.83392","1.18564","1.56004","1.56004","1.56004"
"2040","153","893","0.79603","1.18564","1.56004","1.56004","1.56004"
"2045","153","1034","0.84538","1.18564","1.56004","1.56004","1.56004"
"2050","160","977","0.84755","1.18564","1.56004","1.56004","1.56004"
"2055","150","829","0.76415","1.31446","1.56004","1.56004","1.56004"
"2060","148","857","0.76763","1.46504","1.56004","1.56004","1.56004"
"2065","150","914","0.7939","1.46504","1.56004","1.56004","1.56004"
"2070","158","1135","0.89653","1.46504","1.56004","1.56004","1.56004"
"2075","148","1089","0.84883","1.46504","1.56004","1.56004","1.56004"
"2080","150","835","0.76625","1.46504","1.56004","1.56004","1.56004"
"2085","171","942","0.87006","1.46504","1.56004","1.56004","1.56004"
"2090","146","1013","0.81591","1.46504","1.56004","1.56004","1.56004"
"2095","165","909","0.83955","1.46504","1.56004","1.56004","1.56004"
"2100","165","1089","0.90255","1.46504","1.56004","1.56004","1.56004"
"2105","164","884","0.82764","1.46504","1.56004","1.56004","1.56004"
"2110","152","1073","0.85587","1.56004","1.56004","1.56004","1.56004"
"2115","147","966","0.80262","1.56004","1.56004","1.56004","1.56004"
"2120","147","966","0.80262","1.46504","1.56004","1.56004","1.56004"
"2125","156","1048","0.85976","1.31446","1.56004","1.56004","1.56004"
"2130","159","983","0.84649","1.31446","1.56004","1.56004","1.56004"
"2135","154","1138","0.88494","1.31446","1.56004","1.56004","1.56004"
"2140","151","852","0.77536","1.31446","1.56004","1.56004","1.56004"
"2145","155","909","0.80795","1.46504","1.56004","1.56004","1.56004"
"2150","151","824","0.76556","1.46504","1.56004","1.56004","1.56004"
"2155","165","985","0.86615","1.46504","1.56004","1.56004","1.56004"
"2160","158","1032","0.86048","1.56004","1.56004","1.56004","1.56004"
"2165","168","977","0.87283","1.46504","1.56004","1.56004","1.56004"
"2170","151","955","0.81141","1.31446","1.56004","1.56004","1.56004"
"2175","156","914","0.81286","1.46504","1.56004","1.56004","1.56004"
"2180","162","999","0.86157","1.56004","1.56004","1.56004","1.56004"
"2185","159","1212","0.92664","1.56004","1.56004","1.56004","1.56004"
"2190","172","1253","0.98207","1.46504","1.56004","1.56004","1.56004"
"2195","175","1133","0.94955","1.31446","1.56004","1.56004","1.56004"
"2200","176","1092","0.93836","1.46504","1.56004","1.56004","1.56004"
"2205","162","1141","0.91127","1.56004","1.56004","1.56004","1.56004"
"2210","149","1013","0.82539","1.56004","1.56004","1.56004","1.56004"
"2215","163","1021","0.87243","1.46504","1.56004","1.56004","1.56004"
"2220","153","1034","0.84538","1.31446","1.56004","1.56004","1.56004"
"2225","153","1048","0.85028","1.18564","1.56004","1.56004","1.56004"
"2230","149","865","0.77359","1.31446","1.56004","1.56004","1.56004"
"2235","151","1062","0.84886","1.46504","1.56004","1.56004","1.56004"
"2240","149","958","0.80614","1.46504","1.56004","1.56004","1.56004"
"2245","150","835","0.76625","1.46504","1.56004","1.56004","1.56004"
"2250","161","1245","0.94451","1.46504","1.56004","1.56004","1.56004"
"2255","149","1163","0.87789","1.46504","1.56004","1.56004","1.56004"
"2260","149","884","0.78024","1.46504","1.56004","1.56004","1.56004"
"2265","148","811","0.75153","1.46504","1.56004","1.56004","1.56004"
"2270","162","917","0.83287","1.56004","1.56004","1.56004","1.56004"
"2275","154","999","0.83629","1.46504","1.56004","1.56004","1.56004"
"2280","155","1122","0.8825","1.31446","1.56004","1.56004","1.56004"
"2285","153","974","0.82438","1.18564","1.56004","1.56004","1.56004"
"2290","151","917","0.79811","1.31446","1.56004","1.56004","1.56004"
"2295","154","917","0.80759","1.46504","1.56004","1.56004","1.56004"
"2300","153","966","0.82158","1.46504","1.56004","1.56004","1.56004"
"2305","153","1035","0.84573","1.46504","1.56004","1.56004","1.56004"
"2310","161","1024","0.86716","1.46504","1.56004","1.56004","1.56004"
"2315","155","1305","0.94655","1.56004","1.56004","1.56004","1.56004"
"2320","149","980","0.81384","1.56004","1.56004","1.56004","1.56004"
"2325","150","1007","0.82645","1.46504","1.56004","1.56004","1.56004"
"2330","149","906","0.78794","1.31446","1.56004","1.56004","1.56004"
"2335","150","780","0.747","1.46504","1.56004","1.56004","1.56004"
"2340","160","832","0.7968","1.56004","1.56004","1.56004","1.56004"
"2345","164","958","0.85354","1.46504","1.56004","1.56004","1.56004"
"2350","158","1007","0.85173","1.31446","1.56004","1.56004","1.56004"
"2355","160","993","0.85315","1.18564","1.56004","1.56004","1.56004"
"2360","159","922","0.82514","1.31446","1.56004","1.56004","1.56004"
"2365","153","1004","0.83488","1.46504","1.56004","1.56004","1.56004"
"2370","176","1127","0.95061","1.46504","1.56004","1.56004","1.56004"
"2375","154","1040","0.85064","1.46504","1.56004","1.56004","1.56004"
"2380","162","780","0.78492","1.46504","1.56004","1.56004","1.56004"
"2385","158","925","0.82303","1.31446","1.56004","1.56004","1.56004"
"2390","151","887","0.78761","1.18564","1.56004","1.56004","1.56004"
"2395","153","791","0.76033","0.86601","1.56004","1.56004","1.56004"
"2400","148","852","0.76588","1.18564","1.56004","1.56004","1.56004"
"2405","156","977","0.83491","0.86601","1.56004","1.56004","1.56004"
"2410","150","829","0.76415","1.18564","1.56004","1.56004","1.56004"
"2415","149","860","0.77184","0.86601","1.56004","1.56004","1.56004"
"2420","148","868","0.77148","1.18564","1.56004","1.56004","1.56004"
"2425","151","893","0.78971","0.86601","1.56004","1.56004","1.56004"
"2430","159","1032","0.86364","1.18564","1.56004","1.56004","1.56004"
"2435","149","1196","0.88944","1.18564","1.56004","1.56004","1.56004"
"2440","150","950","0.8065","1.18564","1.56004","1.56004","1.56004"
"2445","160","909","0.82375","0.86601","1.56004","1.56004","1.56004"
"2450","159","1081","0.88079","1.18564","1.56004","1.56004","1.56004"
"2455","149","1122","0.86354","0.86601","1.56004","1.56004","1.56004"
"2460","150","1007","0.82645","1.18564","1.56004","1.56004","1.56004"
"2465","159","890","0.81394","0.86601","1.56004","1.56004","1.56004"
"2470","160","1013","0.86015","1.18564","1.56004","1.56004","1.56004"
"2475","166","1015","0.87981","0.86601","1.56004","1.56004","1.56004"
"2480","150","1073","0.84955","1.18564","1.56004","1.56004","1.56004"
"2485","160","1122","0.8983","0.86601","1.56004","1.56004","1.56004"
"2490","162","1174","0.92282","1.18564","1.56004","1.56004","1.56004"
"2495","166","1157","0.92951","1.18564","1.56004","1.56004","1.56004"
"2500","150","1001","0.82435","1.18564","1.56004","1.56004","1.56004"
"2505","157","1018","0.85242","0.86601","1.56004","1.56004","1.56004"
"2510","155","947","0.82125","1.18564","1.56004","1.56004","1.56004"
"2515","150","999","0.82365","0.86601","1.56004","1.56004","1.56004"
"2520","148","865","0.77043","1.18564","1.56004","1.56004","1.56004"
"2525","150","832","0.7652","0.86601","1.56004","1.56004","1.56004"
"2530","151","813","0.76171","1.18564","1.56004","1.56004","1.56004"
"2535","152","942","0.81002","0.86601","1.56004","1.56004","1.56004"
"2540","149","780","0.74384","1.18564","1.56004","1.56004","1.56004"
"2545","151","835","0.76941","0.86601","1.56004","1.56004","1.56004"
"2550","159","991","0.84929","1.18564","1.56004","1.56004","1.56004"
"2555","156","1010","0.84646","1.18564","1.56004","1.56004","1.56004"
"2560","150","876","0.7806","1.18564","1.56004","1.56004","1.56004"
"2565","156","827","0.78241","0.86601","1.56004","1.56004","1.56004"
"2570","148","843","0.76273","1.18564","1.56004","1.56004","1.56004"
"2575","149","729","0.72599","0.86601","1.56004","1.56004","1.56004"
"2580","149","933","0.79739","1.18564","1.56004","1.56004","1.56004"
"2585","151","876","0.78376","0.86601","1.56004","1.56004","1.56004"
"2590","151","942","0.80686","1.18564","1.56004","1.56004","1.56004"
"2595","181","966","0.91006","0.86601","1.56004","1.56004","1.56004"
"2600","177","1040","0.92332","1.18564","1.56004","1.56004","1.56004"
"2605","166","1138","0.92286","0.86601","1.56004","1.56004","1.56004"
"2610","181","1245","1.00771","1.18564","1.56004","1.56004","1.56004"
"2615","158","1171","0.90913","1.18564","1.56004","1.56004","1.56004"
"2620","163","909","0.83323","1.18564","1.56004","1.56004","1.56004"
"2625","148","969","0.80683","0.86601","1.56004","1.56004","1.56004"
"2630","151","852","0.77536","1.18564","1.56004","1.56004","1.56004"
"2635","157","829","0.78627","0.86601","1.56004","1.56004","1.56004"
"2640","149","797","0.74979","1.18564","1.56004","1.56004","1.56004"
"2645","159","936","0.83004","0.86601","1.56004","1.56004","1.56004"
"2650","150","829","0.76415","1.18564","1.56004","1.56004","1.56004"
"2655","157","1130","0.89162","0.86601","1.56004","1.56004","1.56004"
"2660","148","936","0.79528","1.18564","1.56004","1.56004","1.56004"
"2665","157","958","0.83142","0.86601","1.56004","1.56004","1.56004"
"2670","158","1067","0.87273","1.18564","1.56004","1.56004","1.56004"
"2675","154","1138","0.88494","1.18564","1.56004","1.56004","1.56004"
"2680","149","917","0.79179","1.18564","1.56004","1.56004","1.56004"
"2685","148","901","0.78303","1.18564","1.56004","1.56004","1.56004"
"2690","150","868","0.7778","1.31446","1.56004","1.56004","1.56004"
"2695","151","1062","0.84886","1.46504","1.56004","1.56004","1.56004"
"2700","160","1026","0.8647","1.46504","1.56004","1.56004","1.56004"
"2705","157","1223","0.92417","1.46504","1.56004","1.56004","1.56004"
"2710","148","996","0.81628","1.46504","1.56004","1.56004","1.56004"
"2715","147","931","0.79037","1.56004","1.56004","1.56004","1.56004"
"2720","147","860","0.76552","1.56004","1.56004","1.56004","1.56004"
"2725","152","794","0.75822","1.46504","1.56004","1.56004","1.56004"
"2730","156","1204","0.91436","1.31446","1.56004","1.56004","1.56004"
"2735","148","1138","0.86598","1.31446","1.56004","1.56004","1.56004"
"2740","147","909","0.78267","1.31446","1.56004","1.56004","1.56004"
"2745","156","876","0.79956","1.31446","1.56004","1.56004","1.56004"
"2750","146","786","0.73646","1.46504","1.56004","1.56004","1.56004"
"2755","154","811","0.77049","1.31446","1.56004","1.56004","1.56004"
"2760","149","893","0.78339","1.46504","1.56004","1.56004","1.56004"
"2765","148","843","0.76273","1.46504","1.56004","1.56004","1.56004"
"2770","151","884","0.78656","1.46504","1.56004","1.56004","1.56004"
"2775","149","756","0.73544","1.46504","1.56004","1.56004","1.56004"
"2780","147","1004","0.81592","1.46504","1.56004","1.56004","1.56004"
"2785","147","980","0.80752","1.46504","1.56004","1.56004","1.56004"
"2790","157","1042","0.86082","1.46504","1.56004","1.56004","1.56004"
"2795","148","1193","0.88523","1.46504","1.56004","1.56004","1.56004"
"2800","166","917","0.84551","1.46504","1.56004","1.56004","1.56004"
"2805","154","1097","0.87059","1.46504","1.56004","1.56004","1.56004"
"2810","146","966","0.79946","1.46504","1.56004","1.56004","1.56004"
"2815","156","1029","0.85311","1.46504","1.56004","1.56004","1.56004"
"2820","146","914","0.78126","1.46504","1.56004","1.56004","1.56004"
"2825","148","917","0.78863","1.56004","1.56004","1.56004","1.56004"
"2830","160","1004","0.857","1.56004","1.56004","1.56004","1.56004"
"2835","153","1070","0.85798","1.56004","1.56004","1.56004","1.56004"
"2840","147","950","0.79702","1.56004","1.56004","1.56004","1.56004"
"2845","159","1021","0.85979","1.46504","1.56004","1.56004","1.56004"
"2850","155","1122","0.8825","1.31446","1.56004","1.56004","1.56004"
"2855","153","1193","0.90103","1.46504","1.56004","1.56004","1.56004"
"2860","147","890","0.77602","1.46504","1.56004","1.56004","1.56004"
"2865","157","851","0.79397","1.46504","1.56004","1.56004","1.56004"
"2870","145","853","0.75675","1.56004","1.56004","1.56004","1.56004"
"2875","147","861","0.76587","1.46504","1.56004","1.56004","1.56004"
"2880","147","913","0.78407","1.31446","1.56004","1.56004","1.56004"
"2885","147","957","0.79947","1.31446","1.56004","1.56004","1.56004"
"2890","155","981","0.83315","1.31446","1.56004","1.56004","1.56004"
"2895","165","1027","0.88085","1.31446","1.56004","1.56004","1.56004"
"2900","154","1027","0.84609","1.31446","1.56004","1.56004","1.56004"
"2905","165","1011","0.87525","1.31446","1.56004","1.56004","1.56004"
"2910","160","1234","0.9375","1.31446","1.56004","1.56004","1.56004"
"2915","156","1093","0.87551","1.46504","1.56004","1.56004","1.56004"
"2920","145","991","0.80505","1.56004","1.56004","1.56004","1.56004"
"2925","145","980","0.8012","1.56004","1.56004","1.56004","1.56004"
"2930","144","950","0.78754","1.46504","1.56004","1.56004","1.56004"
"2935","157","930","0.82162","1.31446","1.56004","1.56004","1.56004"
"2940","152","911","0.79917","1.46504","1.56004","1.56004","1.56004"
"2945","153","991","0.83033","1.56004","1.56004","1.56004","1.56004"
"2950","149","909","0.78899","1.56004","1.56004","1.56004","1.56004"
"2955","146","981","0.80471","1.46504","1.56004","1.56004","1.56004"
"2960","146","942","0.79106","1.31446","1.56004","1.56004","1.56004"
"2965","147","948","0.79632","1.46504","1.56004","1.56004","1.56004"
"2970","154","1161","0.89299","1.56004","1.56004","1.56004","1.56004"
"2975","143","1050","0.81938","1.56004","1.56004","1.56004","1.56004"
"2980","144","912","0.77424","1.46504","1.56004","1.56004","1.56004"
"2985","152","963","0.81737","1.31446","1.56004","1.56004","1.56004"
"2990","142","943","0.77877","1.46504","1.56004","1.56004","1.56004"
"2995","147","911","0.78337","1.56004","1.56004","1.56004","1.56004"
"3000","148","910","0.78618","1.56004","1.56004","1.56004","1.56004"
"3005","154","921","0.80899","1.46504","1.56004","1.56004","1.56004"
"3010","147","935","0.79177","1.31446","1.56004","1.56004","1.56004"
"3015","153","967","0.82193","1.31446","1.56004","1.56004","1.56004"
"3020","138","937","0.76403","1.31446","1.56004","1.56004","1.56004"
"3025","142","953","0.78227","1.31446","1.56004","1.56004","1.56004"
"3030","148","1024","0.82608","1.46504","1.56004","1.56004","1.56004"
"3035","137","1065","0.80567","1.46504","1.56004","1.56004","1.56004"
"3040","142","895","0.76197","1.46504","1.56004","1.56004","1.56004"
"3045","146","958","0.79666","1.46504","1.56004","1.56004","1.56004"
"3050","139","925","0.76299","1.46504","1.56004","1.56004","1.56004"
"3055","141","931","0.77141","1.46504","1.56004","1.56004","1.56004"
"3060","140","917","0.76335","1.46504","1.56004","1.56004","1.56004"
"3065","148","985","0.81243","1.46504","1.56004","1.56004","1.56004"
"3070","144","948","0.78684","1.46504","1.56004","1.56004","1.56004"
"3075","149","989","0.81699","1.46504","1.56004","1.56004","1.56004"
"3080","138","909","0.75423","1.46504","1.56004","1.56004","1.56004"
"3085","151","909","0.79531","1.46504","1.56004","1.56004","1.56004"
"3090","149","1180","0.88384","1.46504","1.56004","1.56004","1.56004"
"3095","141","1065","0.81831","1.46504","1.56004","1.56004","1.56004"
"3100","136","913","0.74931","1.46504","1.56004","1.56004","1.56004"
"3105","136","899","0.74441","1.46504","1.56004","1.56004","1.56004"
"3110","137","899","0.74757","1.56004","1.56004","1.56004","1.56004"
"3115","141","911","0.76441","1.56004","1.56004","1.56004","1.56004"
"3120","151","944","0.80756","1.56004","1.56004","1.56004","1.56004"
"3125","173","1206","0.96878","1.56004","1.56004","1.56004","1.56004"
"3130","150","889","0.78515","1.46504","1.56004","1.56004","1.56004"
"3135","155","1073","0.86535","1.31446","1.56004","1.56004","1.56004"
"3140","139","1026","0.79834","1.46504","1.56004","1.56004","1.56004"
"3145","142","870","0.75322","1.56004","1.56004","1.56004","1.56004"
"3150","148","963","0.80473","1.56004","1.56004","1.56004","1.56004"
"3155","138","1122","0.82878","1.56004","1.56004","1.56004","1.56004"
"3160","140","961","0.77875","1.56004","1.56004","1.56004","1.56004"
"3165","140","879","0.75005","1.46504","1.56004","1.56004","1.56004"
"3170","138","838","0.72938","1.31446","1.56004","1.56004","1.56004"
"3175","143","860","0.75288","1.31446","1.56004","1.56004","1.56004"
"3180","140","939","0.77105","1.31446","1.56004","1.56004","1.56004"
"3185","143","870","0.75638","1.31446","1.56004","1.56004","1.56004"
"3190","141","928","0.77036","1.31446","1.56004","1.56004","1.56004"
"3195","142","846","0.74482","1.31446","1.56004","1.56004","1.56004"
"3200","138","879","0.74373","1.31446","1.56004","1.56004","1.56004"
"3205","143","983","0.79593","1.31446","1.56004","1.56004","1.56004"
"3210","146","1078","0.83866","1.31446","1.56004","1.56004","1.56004"
"3215","141","1253","0.88411","1.31446","1.56004","1.56004","1.56004"
"3220","137","835","0.72517","1.31446","1.56004","1.56004","1.56004"
"3225","144","819","0.74169","1.31446","1.56004","1.56004","1.56004"
"3230","136","852","0.72796","1.31446","1.56004","1.56004","1.56004"
"3235","140","843","0.73745","1.31446","1.56004","1.56004","1.56004"
"3240","138","852","0.73428","1.31446","1.56004","1.56004","1.56004"
"3245","139","958","0.77454","1.31446","1.56004","1.56004","1.56004"
"3250","141","958","0.78086","1.31446","1.56004","1.56004","1.56004"
"3255","144","860","0.75604","1.31446","1.56004","1.56004","1.56004"
"3260","138","802","0.71678","1.31446","1.56004","1.56004","1.56004"
"3265","146","895","0.77461","1.31446","1.56004","1.56004","1.56004"
"3270","145","961","0.79455","1.31446","1.56004","1.56004","1.56004"
"3275","137","1182","0.84662","1.31446","1.56004","1.56004","1.56004"
"3280","141","813","0.73011","1.31446","1.56004","1.56004","1.56004"
"3285","146","963","0.79841","1.31446","1.56004","1.56004","1.56004"
"3290","140","955","0.77665","1.31446","1.56004","1.56004","1.56004"
"3295","151","966","0.81526","1.31446","1.56004","1.56004","1.56004"
"3300","137","955","0.76717","1.31446","1.56004","1.56004","1.56004"
"3305","142","887","0.75917","1.31446","1.56004","1.56004","1.56004"
"3310","131","942","0.74366","1.31446","1.56004","1.56004","1.56004"
"3315","160","846","0.8017","1.31446","1.56004","1.56004","1.56004"
"3320","137","1070","0.80742","1.31446","1.56004","1.56004","1.56004"
"3325","164","961","0.85459","1.31446","1.56004","1.56004","1.56004"
"3330","152","1122","0.87302","1.31446","1.56004","1.56004","1.56004"
"3335","147","1133","0.86107","1.31446","1.56004","1.56004","1.56004"
"3340","143","879","0.75953","1.46504","1.56004","1.56004","1.56004"
"3345","136","931","0.75561","1.56004","1.56004","1.56004","1.56004"
"3350","145","917","0.77915","1.56004","1.56004","1.56004","1.56004"
"3355","145","868","0.762","1.56004","1.56004","1.56004","1.56004"
"3360","153","780","0.75648","1.56004","1.56004","1.56004","1.56004"
"3365","160","961","0.84195","1.46504","1.56004","1.56004","1.56004"
"3370","161","977","0.85071","1.31446","1.56004","1.56004","1.56004"
"3375","151","1037","0.84011","1.46504","1.56004","1.56004","1.56004"
"3380","147","1043","0.82957","1.56004","1.56004","1.56004","1.56004"
"3385","152","852","0.77852","1.56004","1.56004","1.56004","1.56004"
"3390","162","1171","0.92177","1.46504","1.56004","1.56004","1.56004"
"3395","171","1187","0.95581","1.46504","1.56004","1.56004","1.56004"
"3400","183","1089","0.95943","1.46504","1.56004","1.56004","1.56004"
"3405","150","958","0.8093","1.31446","1.56004","1.56004","1.56004"
"3410","176","1024","0.91456","1.46504","1.56004","1.56004","1.56004"
"3415","159","1130","0.89794","1.56004","1.56004","1.56004","1.56004"
"3420","158","917","0.82023","1.56004","1.56004","1.56004","1.56004"
"3425","162","1065","0.88467","1.46504","1.56004","1.56004","1.56004"
"3430","157","1149","0.89827","1.31446","1.56004","1.56004","1.56004"
"3435","149","993","0.81839","1.46504","1.56004","1.56004","1.56004"
"3440","160","829","0.79575","1.56004","1.56004","1.56004","1.56004"
"3445","169","993","0.88159","1.56004","1.56004","1.56004","1.56004"
"3450","165","1163","0.92845","1.46504","1.56004","1.56004","1.56004"
"3455","153","1294","0.93638","1.46504","1.56004","1.56004","1.56004"
"3460","151","1026","0.83626","1.46504","1.56004","1.56004","1.56004"
"3465","148","933","0.79423","1.31446","1.56004","1.56004","1.56004"
"3470","147","1001","0.81487","1.46504","1.56004","1.56004","1.56004"
"3475","167","1059","0.89837","1.56004","1.56004","1.56004","1.56004"
"3480","150","925","0.79775","1.56004","1.56004","1.56004","1.56004"
"3485","162","955","0.84617","1.46504","1.56004","1.56004","1.56004"
"3490","160","827","0.79505","1.31446","1.56004","1.56004","1.56004"
"3495","158","840","0.79328","1.46504","1.56004","1.56004","1.56004"
"3500","153","813","0.76803","1.46504","1.56004","1.56004","1.56004"
"3505","151","909","0.79531","1.46504","1.56004","1.56004","1.56004"
"3510","159","829","0.79259","1.46504","1.56004","1.56004","1.56004"
"3515","149","1053","0.83939","1.46504","1.56004","1.56004","1.56004"
"3520","150","909","0.79215","1.46504","1.56004","1.56004","1.56004"
"3525","157","835","0.78837","1.46504","1.56004","1.56004","1.56004"
"3530","150","821","0.76135","1.46504","1.56004","1.56004","1.56004"
"3535","149","791","0.74769","1.46504","1.56004","1.56004","1.56004"
"3540","145","819","0.74485","1.46504","1.56004","1.56004","1.56004"
"3545","144","893","0.76759","1.46504","1.56004","1.56004","1.56004"
"3550","149","893","0.78339","1.46504","1.56004","1.56004","1.56004"
"3555","157","1056","0.86572","1.46504","1.56004","1.56004","1.56004"
"3560","151","974","0.81806","1.46504","1.56004","1.56004","1.56004"
"3565","171","917","0.86131","1.46504","1.56004","1.56004","1.56004"
"3570","168","1081","0.90923","1.46504","1.56004","1.56004","1.56004"
"3575","155","1155","0.89405","1.56004","1.56004","1.56004","1.56004"
"3580","148","802","0.74838","1.56004","1.56004","1.56004","1.56004"
"3585","147","860","0.76552","1.46504","1.56004","1.56004","1.56004"
"3590","151","920","0.79916","1.31446","1.56004","1.56004","1.56004"
"3595","185","969","0.92375","1.46504","1.56004","1.56004","1.56004"
"3600","154","920","0.80864","1.46504","1.56004","1.56004","1.56004"
"3605","159","906","0.81954","1.46504","1.56004","1.56004","1.56004"
"3610","155","1004","0.8412","1.46504","1.56004","1.56004","1.56004"
"3615","163","1089","0.89623","1.56004","1.56004","1.56004","1.56004"
"3620","151","947","0.80861","1.56004","1.56004","1.56004","1.56004"
"3625","154","939","0.81529","1.46504","1.56004","1.56004","1.56004"
"3630","162","1059","0.88257","1.31446","1.56004","1.56004","1.56004"
"3635","157","1086","0.87622","1.46504","1.56004","1.56004","1.56004"
"3640","153","893","0.79603","1.56004","1.56004","1.56004","1.56004"
"3645","153","893","0.79603","1.56004","1.56004","1.56004","1.56004"
"3650","152","942","0.81002","1.46504","1.56004","1.56004","1.56004"
"3655","152","928","0.80512","1.31446","1.56004","1.56004","1.56004"
"3660","154","843","0.78169","1.46504","1.56004","1.56004","1.56004"
"3665","163","1108","0.90288","1.56004","1.56004","1.56004","1.56004"
"3670","156","1075","0.86921","1.56004","1.56004","1.56004","1.56004"
"3675","154","952","0.81984","1.56004","1.56004","1.56004","1.56004"
"3680","150","1062","0.8457","1.56004","1.56004","1.56004","1.56004"
"3685","149","1111","0.85969","1.46504","1.56004","1.56004","1.56004"
"3690","150","1026","0.8331","1.31446","1.56004","1.56004","1.56004"
"3695","143","1368","0.93068","1.46504","1.56004","1.56004","1.56004"
"3700","150","1130","0.8695","1.56004","1.56004","1.56004","1.56004"
"3705","153","966","0.82158","1.56004","1.56004","1.56004","1.56004"
"3710","155","942","0.8195","1.46504","1.56004","1.56004","1.56004"
"3715","153","1056","0.85308","1.31446","1.56004","1.56004","1.56004"
"3720","152","1048","0.84712","1.46504","1.56004","1.56004","1.56004"
"3725","157","1089","0.87727","1.56004","1.56004","1.56004","1.56004"
"3730","153","827","0.77293","1.56004","1.56004","1.56004","1.56004"
"3735","160","884","0.815","1.46504","1.56004","1.56004","1.56004"
"3740","152","974","0.82122","1.31446","1.56004","1.56004","1.56004"
"3745","153","936","0.81108","1.46504","1.56004","1.56004","1.56004"
"3750","163","953","0.84863","1.56004","1.56004","1.56004","1.56004"
"3755","153","1083","0.86253","1.56004","1.56004","1.56004","1.56004"
"3760","153","914","0.80338","1.46504","1.56004","1.56004","1.56004"
"3765","151","903","0.79321","1.31446","1.56004","1.56004","1.56004"
"3770","176","993","0.90371","1.46504","1.56004","1.56004","1.56004"
"3775","172","955","0.87777","1.56004","1.56004","1.56004","1.56004"
"3780","172","917","0.86447","1.56004","1.56004","1.56004","1.56004"
"3785","159","944","0.83284","1.46504","1.56004","1.56004","1.56004"
"3790","152","1157","0.88527","1.31446","1.56004","1.56004","1.56004"
"3795","161","1021","0.86611","1.46504","1.56004","1.56004","1.56004"
"3800","153","1062","0.85518","1.56004","1.56004","1.56004","1.56004"
"3805","153","1081","0.86183","1.56004","1.56004","1.56004","1.56004"
"3810","162","925","0.83567","1.46504","1.56004","1.56004","1.56004"
"3815","159","1100","0.88744","1.31446","1.56004","1.56004","1.56004"
"3820","153","865","0.78623","1.46504","1.56004","1.56004","1.56004"
"3825","158","835","0.79153","1.56004","1.56004","1.56004","1.56004"
"3830","153","909","0.80163","1.56004","1.56004","1.56004","1.56004"
"3835","162","963","0.84897","1.46504","1.56004","1.56004","1.56004"
"3840","155","893","0.80235","1.31446","1.56004","1.56004","1.56004"
"3845","162","1097","0.89587","1.46504","1.56004","1.56004","1.56004"
"3850","149","1042","0.83554","1.56004","1.56004","1.56004","1.56004"
"3855","150","966","0.8121","1.56004","1.56004","1.56004","1.56004"
"3860","150","914","0.7939","1.46504","1.56004","1.56004","1.56004"
"3865","175","969","0.89215","1.31446","1.56004","1.56004","1.56004"
"3870","162","1179","0.92457","1.31446","1.56004","1.56004","1.56004"
"3875","155","1212","0.914","1.31446","1.56004","1.56004","1.56004"
"3880","152","909","0.79847","1.46504","1.56004","1.56004","1.56004"
"3885","164","901","0.83359","1.56004","1.56004","1.56004","1.56004"
"3890","157","950","0.82862","1.56004","1.56004","1.56004","1.56004"
"3895","159","881","0.81079","1.56004","1.56004","1.56004","1.56004"
"3900","152","824","0.76872","1.56004","1.56004","1.56004","1.56004"
"3905","155","1092","0.872","1.46504","1.56004","1.56004","1.56004"
"3910","153","911","0.80233","1.31446","1.56004","1.56004","1.56004"
"3915","155","903","0.80585","1.46504","1.56004","1.56004","1.56004"
"3920","153","852","0.78168","1.56004","1.56004","1.56004","1.56004"
"3925","152","838","0.77362","1.56004","1.56004","1.56004","1.56004"
"3930","161","873","0.81431","1.46504","1.56004","1.56004","1.56004"
"3935","159","1116","0.89304","1.46504","1.56004","1.56004","1.56004"
"3940","152","1034","0.84222","1.46504","1.56004","1.56004","1.56004"
"3945","154","914","0.80654","1.31446","1.56004","1.56004","1.56004"
"3950","150","881","0.78235","1.46504","1.56004","1.56004","1.56004"
"3955","154","1056","0.85624","1.56004","1.56004","1.56004","1.56004"
"3960","149","1024","0.82924","1.56004","1.56004","1.56004","1.56004"
"3965","151","843","0.77221","1.46504","1.56004","1.56004","1.56004"
"3970","153","857","0.78343","1.31446","1.56004","1.56004","1.56004"
"3975","163","931","0.84093","1.46504","1.56004","1.56004","1.56004"
"3980","192","958","0.94202","1.46504","1.56004","1.56004","1.56004"
"3985","152","1141","0.87967","1.46504","1.56004","1.56004","1.56004"
"3990","156","1081","0.87131","1.46504","1.56004","1.56004","1.56004"
"3995","155","1234","0.9217","1.56004","1.56004","1.56004","1.56004"
"4000","150","966","0.8121","1.56004","1.56004","1.56004","1.56004"
"4005","150","1056","0.8436","1.46504","1.56004","1.56004","1.56004"
"4010","152","983","0.82437","1.31446","1.56004","1.56004","1.56004"
"4015","153","1032","0.84468","1.46504","1.56004","1.56004","1.56004"
"4020","152","933","0.80687","1.56004","1.56004","1.56004","1.56004"
"4025","152","958","0.81562","1.56004","1.56004","1.56004","1.56004"
"4030","152","909","0.79847","1.46504","1.56004","1.56004","1.56004"
"4035","160","868","0.8094","1.31446","1.56004","1.56004","1.56004"
"4040","153","827","0.77293","1.31446","1.56004","1.56004","1.56004"
"4045","155","942","0.8195","1.31446","1.56004","1.56004","1.56004"
"4050","160","1029","0.86575","1.46504","1.56004","1.56004","1.56004"
"4055","152","1226","0.90942","1.46504","1.56004","1.56004","1.56004"
"4060","153","993","0.83103","1.46504","1.56004","1.56004","1.56004"
"4065","155","963","0.82685","1.46504","1.56004","1.56004","1.56004"
"4070","173","1133","0.94323","1.56004","1.56004","1.56004","1.56004"
"4075","156","1010","0.84646","1.56004","1.56004","1.56004","1.56004"
"4080","153","969","0.82263","1.46504","1.56004","1.56004","1.56004"
"4085","166","966","0.86266","1.31446","1.56004","1.56004","1.56004"
"4090","161","931","0.83461","1.46504","1.56004","1.56004","1.56004"
"4095","157","876","0.80272","1.56004","1.56004","1.56004","1.56004"
"4100","153","931","0.80933","1.56004","1.56004","1.56004","1.56004"
"4105","159","931","0.82829","1.46504","1.56004","1.56004","1.56004"
"4110","164","1122","0.91094","1.31446","1.56004","1.56004","1.56004"
"4115","152","1376","0.96192","1.46504","1.56004","1.56004","1.56004"
"4120","151","1010","0.83066","1.56004","1.56004","1.56004","1.56004"
"4125","152","881","0.78867","1.56004","1.56004","1.56004","1.56004"
"4130","153","933","0.81003","1.46504","1.56004","1.56004","1.56004"
"4135","154","1042","0.85134","1.31446","1.56004","1.56004","1.56004"
"4140","152","958","0.81562","1.46504","1.56004","1.56004","1.56004"
"4145","157","950","0.82862","1.46504","1.56004","1.56004","1.56004"
"4150","154","1007","0.83909","1.46504","1.56004","1.56004","1.56004"
"4155","152","852","0.77852","1.46504","1.56004","1.56004","1.56004"
"4160","152","876","0.78692","1.56004","1.56004","1.56004","1.56004"
"4165","161","1007","0.86121","1.56004","1.56004","1.56004","1.56004"
"4170","162","950","0.84442","1.56004","1.56004","1.56004","1.56004"
"4175","158","1179","0.91193","1.56004","1.56004","1.56004","1.56004"
"4180","151","999","0.82681","1.46504","1.56004","1.56004","1.56004"
"4185","152","843","0.77537","1.31446","1.56004","1.56004","1.56004"
"4190","151","745","0.73791","1.46504","1.56004","1.56004","1.56004"
"4195","150","925","0.79775","1.56004","1.56004","1.56004","1.56004"
"4200","158","876","0.80588","1.56004","1.56004","1.56004","1.56004"
"4205","159","917","0.82339","1.56004","1.56004","1.56004","1.56004"
"4210","160","996","0.8542","1.56004","1.56004","1.56004","1.56004"
"4215","158","994","0.84718","1.46504","1.56004","1.56004","1.56004"
"4220","152","922","0.80302","1.31446","1.56004","1.56004","1.56004"
"4225","155","857","0.78975","1.46504","1.56004","1.56004","1.56004"
"4230","163","1065","0.88783","1.56004","1.56004","1.56004","1.56004"
"4235","151","1187","0.89261","1.56004","1.56004","1.56004","1.56004"
"4240","152","849","0.77747","1.46504","1.56004","1.56004","1.56004"
"4245","158","950","0.83178","1.31446","1.56004","1.56004","1.56004"
"4250","150","963","0.81105","1.46504","1.56004","1.56004","1.56004"
"4255","160","966","0.8437","1.56004","1.56004","1.56004","1.56004"
"4260","151","958","0.81246","1.56004","1.56004","1.56004","1.56004"
"4265","159","939","0.83109","1.46504","1.56004","1.56004","1.56004"
"4270","154","947","0.81809","1.31446","1.56004","1.56004","1.56004"
"4275","160","914","0.8255","1.46504","1.56004","1.56004","1.56004"
"4280","152","893","0.79287","1.56004","1.56004","1.56004","1.56004"
"4285","163","879","0.82273","1.56004","1.56004","1.56004","1.56004"
"4290","163","947","0.84653","1.46504","1.56004","1.56004","1.56004"
"4295","158","1083","0.87833","1.31446","1.56004","1.56004","1.56004"
"4300","154","870","0.79114","1.46504","1.56004","1.56004","1.56004"
"4305","159","893","0.81499","1.56004","1.56004","1.56004","1.56004"
"4310","160","835","0.79785","1.56004","1.56004","1.56004","1.56004"
"4315","161","1081","0.88711","1.46504","1.56004","1.56004","1.56004"
"4320","151","1024","0.83556","1.31446","1.56004","1.56004","1.56004"
"4325","159","974","0.84334","1.31446","1.56004","1.56004","1.56004"
"4330","155","933","0.81635","1.31446","1.56004","1.56004","1.56004"
"4335","165","835","0.81365","1.31446","1.56004","1.56004","1.56004"
"4340","152","1220","0.90732","1.31446","1.56004","1.56004","1.56004"
"4345","159","901","0.81779","1.31446","1.56004","1.56004","1.56004"
"4350","159","876","0.80904","1.31446","1.56004","1.56004","1.56004"
"4355","149","1108","0.85864","1.31446","1.56004","1.56004","1.56004"
"4360","150","903","0.79005","1.31446","1.56004","1.56004","1.56004"
"4365","147","832","0.75572","1.31446","1.56004","1.56004","1.56004"
"4370","149","840","0.76484","1.31446","1.56004","1.56004","1.56004"
"4375","157","993","0.84367","1.31446","1.56004","1.56004","1.56004"
"4380","151","969","0.81631","1.31446","1.56004","1.56004","1.56004"
"4385","159","1076","0.87904","1.31446","1.56004","1.56004","1.56004"
"4390","154","895","0.79989","1.31446","1.56004","1.56004","1.56004"
"4395","152","963","0.81737","1.31446","1.56004","1.56004","1.56004"
"4400","152","958","0.81562","1.31446","1.56004","1.56004","1.56004"
"4405","144","945","0.78579","1.31446","1.56004","1.56004","1.56004"
"4410","145","1032","0.8194","1.31446","1.56004","1.56004","1.56004"
"4415","138","1182","0.84978","1.31446","1.56004","1.56004","1.56004"
"4420","153","893","0.79603","1.31446","1.56004","1.56004","1.56004"
"4425","159","884","0.81184","1.31446","1.56004","1.56004","1.56004"
"4430","152","824","0.76872","1.31446","1.56004","1.56004","1.56004"
"4435","159","800","0.78244","1.31446","1.56004","1.56004","1.56004"
"4440","152","778","0.75262","1.31446","1.56004","1.56004","1.56004"
"4445","158","1032","0.86048","1.31446","1.56004","1.56004","1.56004"
"4450","153","846","0.77958","1.31446","1.56004","1.56004","1.56004"
"4455","152","988","0.82612","1.31446","1.56004","1.56004","1.56004"
"4460","152","819","0.76697","1.31446","1.56004","1.56004","1.56004"
"4465","159","974","0.84334","1.31446","1.56004","1.56004","1.56004"
"4470","161","901","0.82411","1.31446","1.56004","1.56004","1.56004"
"4475","151","1171","0.88701","1.31446","1.56004","1.56004","1.56004"
"4480","155","868","0.7936","1.31446","1.56004","1.56004","1.56004"
"4485","159","958","0.83774","1.31446","1.56004","1.56004","1.56004"
"4490","152","884","0.78972","1.31446","1.56004","1.56004","1.56004"
"4495","158","893","0.81183","1.31446","1.56004","1.56004","1.56004"
"4500","151","909","0.79531","1.31446","1.56004","1.56004","1.56004"
"4505","157","917","0.81707","1.31446","1.56004","1.56004","1.56004"
"4510","153","832","0.77468","1.31446","1.56004","1.56004","1.56004"
"4515","159","983","0.84649","1.31446","1.56004","1.56004","1.56004"
"4520","154","827","0.77609","1.31446","1.56004","1.56004","1.56004"
"4525","154","829","0.77679","1.31446","1.56004","1.56004","1.56004"
"4530","160","945","0.83635","1.31446","1.56004","1.56004","1.56004"
"4535","151","1053","0.84571","1.31446","1.56004","1.56004","1.56004"
"4540","152","1010","0.83382","1.31446","1.56004","1.56004","1.56004"
"4545","158","961","0.83563","1.31446","1.56004","1.56004","1.56004"
"4550","152","980","0.82332","1.46504","1.56004","1.56004","1.56004"
"4555","159","854","0.80134","1.56004","1.56004","1.56004","1.56004"
"4560","151","819","0.76381","1.56004","1.56004","1.56004","1.56004"
"4565","164","985","0.86299","1.56004","1.56004","1.56004","1.56004"
"4570","147","939","0.79317","1.56004","1.56004","1.56004","1.56004"
"4575","151","936","0.80476","1.46504","1.56004","1.56004","1.56004"
"4580","151","887","0.78761","1.31446","1.56004","1.56004","1.56004"
"4585","159","1037","0.86539","1.31446","1.56004","1.56004","1.56004"
"4590","160","1103","0.89165","1.31446","1.56004","1.56004","1.56004"
"4595","151","1201","0.89751","1.31446","1.56004","1.56004","1.56004"
"4600","159","936","0.83004","1.46504","1.56004","1.56004","1.56004"
"4605","168","933","0.85743","1.46504","1.56004","1.56004","1.56004"
"4610","152","1010","0.83382","1.46504","1.56004","1.56004","1.56004"
"4615","153","1051","0.85133","1.46504","1.56004","1.56004","1.56004"
"4620","154","794","0.76454","1.56004","1.56004","1.56004","1.56004"
"4625","160","933","0.83215","1.56004","1.56004","1.56004","1.56004"
"4630","149","860","0.77184","1.46504","1.56004","1.56004","1.56004"
"4635","153","868","0.78728","1.31446","1.56004","1.56004","1.56004"
"4640","153","811","0.76733","1.31446","1.56004","1.56004","1.56004"
"4645","159","942","0.83214","1.31446","1.56004","1.56004","1.56004"
"4650","162","974","0.85282","1.31446","1.56004","1.56004","1.56004"
"4655","158","1196","0.91788","1.31446","1.56004","1.56004","1.56004"
"4660","153","1015","0.83873","1.31446","1.56004","1.56004","1.56004"
"4665","154","999","0.83629","1.31446","1.56004","1.56004","1.56004"
"4670","170","996","0.8858","1.31446","1.56004","1.56004","1.56004"
"4675","175","1070","0.9275","1.31446","1.56004","1.56004","1.56004"
"4680","152","961","0.81667","1.31446","1.56004","1.56004","1.56004"
"4685","152","952","0.81352","1.46504","1.56004","1.56004","1.56004"
"4690","154","827","0.77609","1.56004","1.56004","1.56004","1.56004"
"4695","162","958","0.84722","1.56004","1.56004","1.56004","1.56004"
"4700","151","901","0.79251","1.56004","1.56004","1.56004","1.56004"
"4705","158","857","0.79923","1.56004","1.56004","1.56004","1.56004"
"4710","162","914","0.83182","1.46504","1.56004","1.56004","1.56004"
"4715","154","1272","0.93184","1.31446","1.56004","1.56004","1.56004"
"4720","153","996","0.83208","1.46504","1.56004","1.56004","1.56004"
"4725","159","974","0.84334","1.46504","1.56004","1.56004","1.56004"
"4730","152","895","0.79357","1.46504","1.56004","1.56004","1.56004"
"4735","153","955","0.81773","1.46504","1.56004","1.56004","1.56004"
"4740","151","1015","0.83241","1.46504","1.56004","1.56004","1.56004"
"4745","158","991","0.84613","1.46504","1.56004","1.56004","1.56004"
"4750","153","985","0.82823","1.46504","1.56004","1.56004","1.56004"
"4755","160","852","0.8038","1.46504","1.56004","1.56004","1.56004"
"4760","154","914","0.80654","1.46504","1.56004","1.56004","1.56004"
"4765","159","1040","0.86644","1.46504","1.56004","1.56004","1.56004"
"4770","160","1053","0.87415","1.46504","1.56004","1.56004","1.56004"
"4775","158","1307","0.95673","1.46504","1.56004","1.56004","1.56004"
"4780","154","942","0.81634","1.46504","1.56004","1.56004","1.56004"
"4785","153","827","0.77293","1.46504","1.56004","1.56004","1.56004"
"4790","153","843","0.77853","1.46504","1.56004","1.56004","1.56004"
"4795","159","876","0.80904","1.46504","1.56004","1.56004","1.56004"
"4800","156","901","0.80831","1.46504","1.56004","1.56004","1.56004"
"4805","167","1122","0.92042","1.46504","1.56004","1.56004","1.56004"
"4810","167","1065","0.90047","1.46504","1.56004","1.56004","1.56004"
"4815","174","950","0.88234","1.46504","1.56004","1.56004","1.56004"
"4820","156","950","0.82546","1.46504","1.56004","1.56004","1.56004"
"4825","152","917","0.80127","1.46504","1.56004","1.56004","1.56004"
"4830","161","1042","0.87346","1.46504","1.56004","1.56004","1.56004"
"4835","162","1288","0.96272","1.46504","1.56004","1.56004","1.56004"
"4840","152","977","0.82227","1.56004","1.56004","1.56004","1.56004"
"4845","158","914","0.81918","1.56004","1.56004","1.56004","1.56004"
"4850","156","988","0.83876","1.56004","1.56004","1.56004","1.56004"
"4855","160","963","0.84265","1.56004","1.56004","1.56004","1.56004"
"4860","162","797","0.79087","1.46504","1.56004","1.56004","1.56004"
"4865","158","933","0.82583","1.31446","1.56004","1.56004","1.56004"
"4870","153","991","0.83033","1.31446","1.56004","1.56004","1.56004"
"4875","161","963","0.84581","1.31446","1.56004","1.56004","1.56004"
"4880","151","983","0.82121","1.31446","1.56004","1.56004","1.56004"
"4885","158","879","0.80693","1.31446","1.56004","1.56004","1.56004"
"4890","159","944","0.83284","1.31446","1.56004","1.56004","1.56004"
"4895","158","1163","0.90633","1.31446","1.56004","1.56004","1.56004"
"4900","177","996","0.90792","1.31446","1.56004","1.56004","1.56004"
"4905","161","1086","0.88886","1.31446","1.56004","1.56004","1.56004"
"4910","154","920","0.80864","1.31446","1.56004","1.56004","1.56004"
"4915","159","952","0.83564","1.31446","1.56004","1.56004","1.56004"
"4920","151","838","0.77046","1.31446","1.56004","1.56004","1.56004"
"4925","153","950","0.81598","1.31446","1.56004","1.56004","1.56004"
"4930","162","887","0.82237","1.31446","1.56004","1.56004","1.56004"
"4935","156","1065","0.86571","1.31446","1.56004","1.56004","1.56004"
"4940","159","991","0.84929","1.31446","1.56004","1.56004","1.56004"
"4945","161","942","0.83846","1.31446","1.56004","1.56004","1.56004"
"4950","167","963","0.86477","1.31446","1.56004","1.56004","1.56004"
"4955","166","1286","0.97466","1.31446","1.56004","1.56004","1.56004"
"4960","170","1089","0.91835","1.46504","1.56004","1.56004","1.56004"
"4965","178","1040","0.92648","1.46504","1.56004","1.56004","1.56004"
"4970","161","1130","0.90426","1.46504","1.56004","1.56004","1.56004"
"4975","160","958","0.8409","1.46504","1.56004","1.56004","1.56004"
"4980","152","931","0.80617","1.46504","1.56004","1.56004","1.56004"
"4985","157","901","0.81147","1.46504","1.56004","1.56004","1.56004"
"4990","155","895","0.80305","1.46504","1.56004","1.56004","1.56004"
"4995","151","955","0.81141","1.46504","1.56004","1.56004","1.56004"
"5000","153","961","0.81983","1.46504","1.56004","1.56004","1.56004"
"5005","161","931","0.83461","1.46504","1.56004","1.56004","1.56004"
"5010","164","939","0.84689","1.46504","1.56004","1.56004","1.56004"
"5015","153","1299","0.93813","1.46504","1.56004","1.56004","1.56004"
"5020","155","972","0.83","1.46504","1.56004","1.56004","1.56004"
"5025","159","1056","0.87204","1.56004","1.56004","1.56004","1.56004"
"5030","157","1111","0.88497","1.56004","1.56004","1.56004","1.56004"
"5035","160","958","0.8409","1.56004","1.56004","1.56004","1.56004"
"5040","151","887","0.78761","1.56004","1.56004","1.56004","1.56004"
"5045","149","914","0.79074","1.46504","1.56004","1.56004","1.56004"
"5050","153","819","0.77013","1.31446","1.56004","1.56004","1.56004"
"5055","160","952","0.8388","1.31446","1.56004","1.56004","1.56004"
"5060","155","895","0.80305","1.31446","1.56004","1.56004","1.56004"
"5065","152","928","0.80512","1.31446","1.56004","1.56004","1.56004"
"5070","162","1037","0.87487","1.31446","1.56004","1.56004","1.56004"
"5075","155","1307","0.94725","1.31446","1.56004","1.56004","1.56004"
"5080","152","983","0.82437","1.31446","1.56004","1.56004","1.56004"
"5085","159","1032","0.86364","1.31446","1.56004","1.56004","1.56004"
"5090","151","868","0.78096","1.31446","1.56004","1.56004","1.56004"
"5095","153","991","0.83033","1.31446","1.56004","1.56004","1.56004"
"5100","152","925","0.80407","1.31446","1.56004","1.56004","1.56004"
"5105","151","1048","0.84396","1.31446","1.56004","1.56004","1.56004"
"5110","152","860","0.78132","1.31446","1.56004","1.56004","1.56004"
"5115","152","835","0.77257","1.31446","1.56004","1.56004","1.56004"
"5120","151","950","0.80966","1.31446","1.56004","1.56004","1.56004"
"5125","153","933","0.81003","1.31446","1.56004","1.56004","1.56004"
"5130","160","890","0.8171","1.31446","1.56004","1.56004","1.56004"
"5135","159","1217","0.92839","1.31446","1.56004","1.56004","1.56004"
"5140","155","906","0.8069","1.31446","1.56004","1.56004","1.56004"
"5145","153","1021","0.84083","1.31446","1.56004","1.56004","1.56004"
"5150","150","961","0.81035","1.31446","1.56004","1.56004","1.56004"
"5155","155","942","0.8195","1.31446","1.56004","1.56004","1.56004"
"5160","160","988","0.8514","1.31446","1.56004","1.56004","1.56004"
"5165","153","903","0.79953","1.31446","1.56004","1.56004","1.56004"
"5170","154","963","0.82369","1.31446","1.56004","1.56004","1.56004"
"5175","154","854","0.78554","1.31446","1.56004","1.56004","1.56004"
"5180","156","890","0.80446","1.31446","1.56004","1.56004","1.56004"
"5185","160","1053","0.87415","1.31446","1.56004","1.56004","1.56004"
"5190","162","911","0.83077","1.31446","1.56004","1.56004","1.56004"
"5195","177","1324","1.02272","1.31446","1.56004","1.56004","1.56004"
"5200","179","1130","0.96114","1.31446","1.56004","1.56004","1.56004"
"5205","160","996","0.8542","1.46504","1.56004","1.56004","1.56004"
"5210","152","1024","0.83872","1.56004","1.56004","1.56004","1.56004"
"5215","154","925","0.81039","1.56004","1.56004","1.56004","1.56004"
"5220","155","942","0.8195","1.46504","1.56004","1.56004","1.56004"
"5225","170","1062","0.9089","1.31446","1.56004","1.56004","1.56004"
"5230","166","1034","0.88646","1.31446","1.56004","1.56004","1.56004"
"5235","159","999","0.85209","1.31446","1.56004","1.56004","1.56004"
"5240","153","925","0.80723","1.31446","1.56004","1.56004","1.56004"
"5245","156","942","0.82266","1.46504","1.56004","1.56004","1.56004"
"5250","162","928","0.83672","1.46504","1.56004","1.56004","1.56004"
"5255","163","1228","0.94488","1.46504","1.56004","1.56004","1.56004"
"5260","156","925","0.81671","1.56004","1.56004","1.56004","1.56004"
"5265","153","852","0.78168","1.56004","1.56004","1.56004","1.56004"
"5270","160","974","0.8465","1.46504","1.56004","1.56004","1.56004"
"5275","153","925","0.80723","1.31446","1.56004","1.56004","1.56004"
"5280","155","868","0.7936","1.31446","1.56004","1.56004","1.56004"
"5285","158","942","0.82898","1.31446","1.56004","1.56004","1.56004"
"5290","153","868","0.78728","1.31446","1.56004","1.56004","1.56004"
"5295","153","840","0.77748","1.31446","1.56004","1.56004","1.56004"
"5300","154","870","0.79114","1.31446","1.56004","1.56004","1.56004"
"5305","167","1062","0.89942","1.31446","1.56004","1.56004","1.56004"
"5310","166","1021","0.88191","1.31446","1.56004","1.56004","1.56004"
"5315","160","1127","0.90005","1.31446","1.56004","1.56004","1.56004"
"5320","154","890","0.79814","1.31446","1.56004","1.56004","1.56004"
"5325","155","794","0.7677","1.46504","1.56004","1.56004","1.56004"
"5330","152","808","0.76312","1.46504","1.56004","1.56004","1.56004"
"5335","160","1007","0.85805","1.46504","1.56004","1.56004","1.56004"
"5340","154","969","0.82579","1.46504","1.56004","1.56004","1.56004"
"5345","151","983","0.82121","1.46504","1.56004","1.56004","1.56004"
"5350","157","999","0.84577","1.46504","1.56004","1.56004","1.56004"
"5355","157","1037","0.85907","1.46504","1.56004","1.56004","1.56004"
"5360","153","939","0.81213","1.56004","1.56004","1.56004","1.56004"
"5365","161","909","0.82691","1.56004","1.56004","1.56004","1.56004"
"5370","162","1029","0.87207","1.46504","1.56004","1.56004","1.56004"
"5375","156","1185","0.90771","1.31446","1.56004","1.56004","1.56004"
"5380","153","961","0.81983","1.46504","1.56004","1.56004","1.56004"
"5385","152","813","0.76487","1.56004","1.56004","1.56004","1.56004"
"5390","150","827","0.76345","1.56004","1.56004","1.56004","1.56004"
"5395","159","720","0.75444","1.46504","1.56004","1.56004","1.56004"
"5400","152","704","0.72672","1.31446","1.56004","1.56004","1.56004"
"5405","151","827","0.76661","1.31446","1.56004","1.56004","1.56004"
"5410","153","860","0.78448","1.31446","1.56004","1.56004","1.56004"
"5415","154","868","0.79044","1.31446","1.56004","1.56004","1.56004"
"5420","153","933","0.81003","1.31446","1.56004","1.56004","1.56004"
"5425","154","933","0.81319","1.31446","1.56004","1.56004","1.56004"
"5430","161","991","0.85561","1.31446","1.56004","1.56004","1.56004"
"5435","150","1108","0.8618","1.31446","1.56004","1.56004","1.56004"
"5440","152","884","0.78972","1.31446","1.56004","1.56004","1.56004"
"5445","160","906","0.8227","1.31446","1.56004","1.56004","1.56004"
"5450","150","805","0.75575","1.31446","1.56004","1.56004","1.56004"
"5455","159","922","0.82514","1.31446","1.56004","1.56004","1.56004"
"5460","149","791","0.74769","1.31446","1.56004","1.56004","1.56004"
"5465","158","993","0.84683","1.31446","1.56004","1.56004","1.56004"
"5470","154","963","0.82369","1.31446","1.56004","1.56004","1.56004"
"5475","159","999","0.85209","1.31446","1.56004","1.56004","1.56004"
"5480","151","876","0.78376","1.31446","1.56004","1.56004","1.56004"
"5485","160","925","0.82935","1.31446","1.56004","1.56004","1.56004"
"5490","158","961","0.83563","1.31446","1.56004","1.56004","1.56004"
"5495","150","1310","0.9325","1.31446","1.56004","1.56004","1.56004"
"5500","151","1026","0.83626","1.31446","1.56004","1.56004","1.56004"
"5505","151","1021","0.83451","1.31446","1.56004","1.56004","1.56004"
"5510","152","909","0.79847","1.31446","1.56004","1.56004","1.56004"
"5515","155","876","0.7964","1.31446","1.56004","1.56004","1.56004"
"5520","180","783","0.84285","1.31446","1.56004","1.56004","1.56004"
"5525","180","906","0.8859","1.31446","1.56004","1.56004","1.56004"
"5530","169","999","0.88369","1.31446","1.56004","1.56004","1.56004"
"5535","159","1021","0.85979","1.31446","1.56004","1.56004","1.56004"
"5540","153","1048","0.85028","1.46504","1.56004","1.56004","1.56004"
"5545","161","917","0.82971","1.56004","1.56004","1.56004","1.56004"
"5550","164","868","0.82204","1.56004","1.56004","1.56004","1.56004"
"5555","159","1179","0.91509","1.56004","1.56004","1.56004","1.56004"
"5560","151","901","0.79251","1.56004","1.56004","1.56004","1.56004"
"5565","153","827","0.77293","1.46504","1.56004","1.56004","1.56004"
"5570","152","1015","0.83557","1.31446","1.56004","1.56004","1.56004"
"5575","152","1007","0.83277","1.31446","1.56004","1.56004","1.56004"
"5580","152","852","0.77852","1.31446","1.56004","1.56004","1.56004"
"5585","152","778","0.75262","1.31446","1.56004","1.56004","1.56004"
"5590","152","928","0.80512","1.31446","1.56004","1.56004","1.56004"
"5595","158","972","0.83948","1.31446","1.56004","1.56004","1.56004"
"5600","152","840","0.77432","1.31446","1.56004","1.56004","1.56004"
"5605","153","966","0.82158","1.31446","1.56004","1.56004","1.56004"
"5610","160","890","0.8171","1.31446","1.56004","1.56004","1.56004"
"5615","157","1176","0.90772","1.31446","1.56004","1.56004","1.56004"
"5620","151","939","0.80581","1.31446","1.56004","1.56004","1.56004"
"5625","157","1021","0.85347","1.31446","1.56004","1.56004","1.56004"
"5630","151","898","0.79146","1.31446","1.56004","1.56004","1.56004"
"5635","158","857","0.79923","1.31446","1.56004","1.56004","1.56004"
"5640","152","786","0.75542","1.31446","1.56004","1.56004","1.56004"
"5645","151","862","0.77886","1.31446","1.56004","1.56004","1.56004"
"5650","152","969","0.81947","1.31446","1.56004","1.56004","1.56004"
"5655","152","797","0.75927","1.31446","1.56004","1.56004","1.56004"
"5660","152","955","0.81457","1.31446","1.56004","1.56004","1.56004"
"5665","153","862","0.78518","1.31446","1.56004","1.56004","1.56004"
"5670","161","969","0.84791","1.31446","1.56004","1.56004","1.56004"
"5675","152","1313","0.93987","1.31446","1.56004","1.56004","1.56004"
"5680","151","969","0.81631","1.31446","1.56004","1.56004","1.56004"
"5685","152","933","0.80687","1.31446","1.56004","1.56004","1.56004"
"5690","152","922","0.80302","1.31446","1.56004","1.56004","1.56004"
"5695","162","983","0.85597","1.31446","1.56004","1.56004","1.56004"
"5700","152","852","0.77852","1.31446","1.56004","1.56004","1.56004"
"5705","162","1024","0.87032","1.31446","1.56004","1.56004","1.56004"
"5710","154","933","0.81319","1.31446","1.56004","1.56004","1.56004"
"5715","152","901","0.79567","1.31446","1.56004","1.56004","1.56004"
"5720","152","966","0.81842","1.31446","1.56004","1.56004","1.56004"
"5725","159","884","0.81184","1.31446","1.56004","1.56004","1.56004"
"5730","162","942","0.84162","1.31446","1.56004","1.56004","1.56004"
"5735","151","1163","0.88421","1.31446","1.56004","1.56004","1.56004"
"5740","153","893","0.79603","1.46504","1.56004","1.56004","1.56004"
"5745","152","808","0.76312","1.46504","1.56004","1.56004","1.56004"
"5750","153","881","0.79183","1.46504","1.56004","1.56004","1.56004"
"5755","162","898","0.82622","1.46504","1.56004","1.56004","1.56004"
"5760","152","1119","0.87197","1.46504","1.56004","1.56004","1.56004"
"5765","145","966","0.7963","1.46504","1.56004","1.56004","1.56004"
"5770","146","1007","0.81381","1.46504","1.56004","1.56004","1.56004"
"5775","152","1029","0.84047","1.46504","1.56004","1.56004","1.56004"
"5780","148","983","0.81173","1.46504","1.56004","1.56004","1.56004"
"5785","159","890","0.81394","1.46504","1.56004","1.56004","1.56004"
"5790","159","947","0.83389","1.46504","1.56004","1.56004","1.56004"
"5795","149","1321","0.93319","1.46504","1.56004","1.56004","1.56004"
"5800","148","983","0.81173","1.46504","1.56004","1.56004","1.56004"
"5805","152","873","0.78587","1.56004","1.56004","1.56004","1.56004"
"5810","153","835","0.77573","1.56004","1.56004","1.56004","1.56004"
"5815","161","996","0.85736","1.46504","1.56004","1.56004","1.56004"
"5820","163","996","0.86368","1.31446","1.56004","1.56004","1.56004"
"5825","156","1078","0.87026","1.46504","1.56004","1.56004","1.56004"
"5830","150","914","0.7939","1.56004","1.56004","1.56004","1.56004"
"5835","146","895","0.77461","1.56004","1.56004","1.56004","1.56004"
"5840","145","952","0.7914","1.46504","1.56004","1.56004","1.56004"
"5845","147","890","0.77602","1.31446","1.56004","1.56004","1.56004"
"5850","156","947","0.82441","1.46504","1.56004","1.56004","1.56004"
"5855","155","1359","0.96545","1.46504","1.56004","1.56004","1.56004"
"5860","152","942","0.81002","1.46504","1.56004","1.56004","1.56004"
"5865","152","958","0.81562","1.46504","1.56004","1.56004","1.56004"
"5870","151","925","0.80091","1.56004","1.56004","1.56004","1.56004"
"5875","152","1065","0.85307","1.56004","1.56004","1.56004","1.56004"
"5880","152","884","0.78972","1.46504","1.56004","1.56004","1.56004"
"5885","160","1015","0.86085","1.31446","1.56004","1.56004","1.56004"
"5890","154","893","0.79919","1.46504","1.56004","1.56004","1.56004"
"5895","152","958","0.81562","1.56004","1.56004","1.56004","1.56004"
"5900","153","901","0.79883","1.56004","1.56004","1.56004","1.56004"
"5905","160","931","0.83145","1.46504","1.56004","1.56004","1.56004"
"5910","161","838","0.80206","1.31446","1.56004","1.56004","1.56004"
"5915","158","1220","0.92628","1.46504","1.56004","1.56004","1.56004"
"5920","153","922","0.80618","1.46504","1.56004","1.56004","1.56004"
"5925","157","958","0.83142","1.46504","1.56004","1.56004","1.56004"
"5930","154","849","0.78379","1.46504","1.56004","1.56004","1.56004"
"5935","153","849","0.78063","1.56004","1.56004","1.56004","1.56004"
"5940","152","996","0.82892","1.56004","1.56004","1.56004","1.56004"
"5945","152","953","0.81387","1.46504","1.56004","1.56004","1.56004"
"5950","152","947","0.81177","1.31446","1.56004","1.56004","1.56004"
"5955","155","854","0.7887","1.31446","1.56004","1.56004","1.56004"
"5960","153","876","0.79008","1.31446","1.56004","1.56004","1.56004"
"5965","176","961","0.89251","1.31446","1.56004","1.56004","1.56004"
"5970","188","1097","0.97803","1.31446","1.56004","1.56004","1.56004"
"5975","146","1294","0.91426","1.31446","1.56004","1.56004","1.56004"
"5980","152","936","0.80792","1.31446","1.56004","1.56004","1.56004"
"5985","158","1024","0.85768","1.46504","1.56004","1.56004","1.56004"
"5990","151","884","0.78656","1.56004","1.56004","1.56004","1.56004"
"5995","156","879","0.80061","1.46504","1.56004","1.56004","1.56004"
"6000","154","879","0.79429","1.31446","1.56004","1.56004","1.56004"
"6005","163","1024","0.87348","1.46504","1.56004","1.56004","1.56004"
"6010","146","922","0.78406","1.46504","1.56004","1.56004","1.56004"
"6015","152","868","0.78412","1.46504","1.56004","1.56004","1.56004"
"6020","152","1007","0.83277","1.46504","1.56004","1.56004","1.56004"
"6025","172","933","0.87007","1.46504","1.56004","1.56004","1.56004"
"6030","161","925","0.83251","1.46504","1.56004","1.56004","1.56004"
"6035","152","1294","0.93322","1.46504","1.56004","1.56004","1.56004"
"6040","153","868","0.78728","1.56004","1.56004","1.56004","1.56004"
"6045","153","933","0.81003","1.56004","1.56004","1.56004","1.56004"
"6050","152","868","0.78412","1.46504","1.56004","1.56004","1.56004"
"6055","160","958","0.8409","1.31446","1.56004","1.56004","1.56004"
"6060","155","893","0.80235","1.31446","1.56004","1.56004","1.56004"
"6065","162","963","0.84897","1.31446","1.56004","1.56004","1.56004"
"6070","154","832","0.77784","1.31446","1.56004","1.56004","1.56004"
"6075","155","1013","0.84435","1.46504","1.56004","1.56004","1.56004"
"6080","157","963","0.83317","1.56004","1.56004","1.56004","1.56004"
"6085","156","947","0.82441","1.46504","1.56004","1.56004","1.56004"
"6090","161","881","0.81711","1.31446","1.56004","1.56004","1.56004"
"6095","159","1316","0.96304","1.46504","1.56004","1.56004","1.56004"
"6100","153","966","0.82158","1.56004","1.56004","1.56004","1.56004"
"6105","159","996","0.85104","1.56004","1.56004","1.56004","1.56004"
"6110","152","1021","0.83767","1.46504","1.56004","1.56004","1.56004"
"6115","159","911","0.82129","1.31446","1.56004","1.56004","1.56004"
"6120","153","832","0.77468","1.46504","1.56004","1.56004","1.56004"
"6125","153","922","0.80618","1.56004","1.56004","1.56004","1.56004"
"6130","152","950","0.81282","1.56004","1.56004","1.56004","1.56004"
"6135","160","791","0.78245","1.46504","1.56004","1.56004","1.56004"
"6140","156","917","0.81391","1.31446","1.56004","1.56004","1.56004"
"6145","159","991","0.84929","1.18564","1.56004","1.56004","1.56004"
"6150","161","952","0.84196","1.18564","1.56004","1.56004","1.56004"
"6155","149","1146","0.87194","1.18564","1.56004","1.56004","1.56004"
"6160","152","893","0.79287","1.18564","1.56004","1.56004","1.56004"
"6165","158","876","0.80588","1.31446","1.56004","1.56004","1.56004"
"6170","153","824","0.77188","1.46504","1.56004","1.56004","1.56004"
"6175","161","950","0.84126","1.46504","1.56004","1.56004","1.56004"
"6180","153","794","0.76138","1.46504","1.56004","1.56004","1.56004"
"6185","160","835","0.79785","1.46504","1.56004","1.56004","1.56004"
"6190","154","1089","0.86779","1.46504","1.56004","1.56004","1.56004"
"6195","153","925","0.80723","1.46504","1.56004","1.56004","1.56004"
"6200","153","876","0.79008","1.46504","1.56004","1.56004","1.56004"
"6205","161","974","0.84966","1.46504","1.56004","1.56004","1.56004"
"6210","164","1048","0.88504","1.46504","1.56004","1.56004","1.56004"
"6215","152","1253","0.91887","1.46504","1.56004","1.56004","1.56004"
"6220","153","843","0.77853","1.56004","1.56004","1.56004","1.56004"
"6225","152","862","0.78202","1.56004","1.56004","1.56004","1.56004"
"6230","153","870","0.78798","1.46504","1.56004","1.56004","1.56004"
"6235","160","925","0.82935","1.31446","1.56004","1.56004","1.56004"
"6240","152","936","0.80792","1.31446","1.56004","1.56004","1.56004"
"6245","153","944","0.81388","1.31446","1.56004","1.56004","1.56004"
"6250","153","925","0.80723","1.31446","1.56004","1.56004","1.56004"
"6255","158","868","0.80308","1.31446","1.56004","1.56004","1.56004"
"6260","153","890","0.79498","1.31446","1.56004","1.56004","1.56004"
"6265","160","952","0.8388","1.31446","1.56004","1.56004","1.56004"
"6270","160","917","0.82655","1.31446","1.56004","1.56004","1.56004"
"6275","160","1198","0.9249","1.31446","1.56004","1.56004","1.56004"
"6280","154","835","0.77889","1.31446","1.56004","1.56004","1.56004"
"6285","163","827","0.80453","1.46504","1.56004","1.56004","1.56004"
"6290","156","1024","0.85136","1.56004","1.56004","1.56004","1.56004"
"6295","154","950","0.81914","1.56004","1.56004","1.56004","1.56004"
"6300","152","966","0.81842","1.46504","1.56004","1.56004","1.56004"
"6305","159","974","0.84334","1.31446","1.56004","1.56004","1.56004"
"6310","151","835","0.76941","1.31446","1.56004","1.56004","1.56004"
"6315","150","925","0.79775","1.31446","1.56004","1.56004","1.56004"
"6320","152","884","0.78972","1.31446","1.56004","1.56004","1.56004"
"6325","153","819","0.77013","1.31446","1.56004","1.56004","1.56004"
"6330","159","980","0.84544","1.31446","1.56004","1.56004","1.56004"
"6335","157","1214","0.92102","1.31446","1.56004","1.56004","1.56004"
"6340","152","901","0.79567","1.31446","1.56004","1.56004","1.56004"
"6345","153","829","0.77363","1.31446","1.56004","1.56004","1.56004"
"6350","152","849","0.77747","1.31446","1.56004","1.56004","1.56004"
"6355","154","898","0.80094","1.31446","1.56004","1.56004","1.56004"
"6360","154","974","0.82754","1.31446","1.56004","1.56004","1.56004"
"6365","152","832","0.77152","1.31446","1.56004","1.56004","1.56004"
"6370","153","901","0.79883","1.46504","1.56004","1.56004","1.56004"
"6375","150","816","0.7596","1.46504","1.56004","1.56004","1.56004"
"6380","153","901","0.79883","1.46504","1.56004","1.56004","1.56004"
"6385","154","980","0.82964","1.46504","1.56004","1.56004","1.56004"
"6390","164","1040","0.88224","1.46504","1.56004","1.56004","1.56004"
"6395","151","1206","0.89926","1.46504","1.56004","1.56004","1.56004"
"6400","151","928","0.80196","1.46504","1.56004","1.56004","1.56004"
"6405","151","879","0.78481","1.56004","1.56004","1.56004","1.56004"
"6410","154","922","0.80934","1.56004","1.56004","1.56004","1.56004"
"6415","161","1010","0.86226","1.56004","1.56004","1.56004","1.56004"
"6420","152","838","0.77362","1.56004","1.56004","1.56004","1.56004"
"6425","159","827","0.79189","1.46504","1.56004","1.56004","1.56004"
"6430","153","917","0.80443","1.31446","1.56004","1.56004","1.56004"
"6435","152","906","0.79742","1.46504","1.56004","1.56004","1.56004"
"6440","152","805","0.76207","1.46504","1.56004","1.56004","1.56004"
"6445","153","881","0.79183","1.46504","1.56004","1.56004","1.56004"
"6450","163","933","0.84163","1.46504","1.56004","1.56004","1.56004"
"6455","152","1135","0.87757","1.46504","1.56004","1.56004","1.56004"
"6460","154","832","0.77784","1.46504","1.56004","1.56004","1.56004"
"6465","173","985","0.89143","1.46504","1.56004","1.56004","1.56004"
"6470","187","993","0.93847","1.56004","1.56004","1.56004","1.56004"
"6475","161","1097","0.89271","1.56004","1.56004","1.56004","1.56004"
"6480","152","983","0.82437","1.46504","1.56004","1.56004","1.56004"
"6485","151","835","0.76941","1.31446","1.56004","1.56004","1.56004"
"6490","153","942","0.81318","1.46504","1.56004","1.56004","1.56004"
"6495","158","884","0.80868","1.46504","1.56004","1.56004","1.56004"
"6500","153","852","0.78168","1.46504","1.56004","1.56004","1.56004"
"6505","152","983","0.82437","1.46504","1.56004","1.56004","1.56004"
"6510","160","950","0.8381","1.46504","1.56004","1.56004","1.56004"
"6515","151","1237","0.91011","1.46504","1.56004","1.56004","1.56004"
"6520","151","999","0.82681","1.46504","1.56004","1.56004","1.56004"
"6525","164","999","0.86789","1.56004","1.56004","1.56004","1.56004"
"6530","156","901","0.80831","1.56004","1.56004","1.56004","1.56004"
"6535","155","917","0.81075","1.46504","1.56004","1.56004","1.56004"
"6540","155","846","0.7859","1.31446","1.56004","1.56004","1.56004"
"6545","161","1029","0.86891","1.46504","1.56004","1.56004","1.56004"
"6550","154","983","0.83069","1.46504","1.56004","1.56004","1.56004"
"6555","162","977","0.85387","1.46504","1.56004","1.56004","1.56004"
"6560","154","922","0.80934","1.56004","1.56004","1.56004","1.56004"
"6565","160","917","0.82655","1.56004","1.56004","1.56004","1.56004"
"6570","159","824","0.79084","1.46504","1.56004","1.56004","1.56004"
"6575","161","1127","0.90321","1.31446","1.56004","1.56004","1.56004"
"6580","155","999","0.83945","1.46504","1.56004","1.56004","1.56004"
"6585","162","950","0.84442","1.56004","1.56004","1.56004","1.56004"
"6590","156","977","0.83491","1.56004","1.56004","1.56004","1.56004"
"6595","153","876","0.79008","1.46504","1.56004","1.56004","1.56004"
"6600","151","868","0.78096","1.31446","1.56004","1.56004","1.56004"
"6605","152","884","0.78972","1.46504","1.56004","1.56004","1.56004"
"6610","156","835","0.78521","1.46504","1.56004","1.56004","1.56004"
"6615","160","1157","0.91055","1.46504","1.56004","1.56004","1.56004"
"6620","152","876","0.78692","1.46504","1.56004","1.56004","1.56004"
"6625","164","974","0.85914","1.46504","1.56004","1.56004","1.56004"
"6630","179","933","0.89219","1.46504","1.56004","1.56004","1.56004"
"6635","172","1171","0.95337","1.46504","1.56004","1.56004","1.56004"
"6640","154","963","0.82369","1.56004","1.56004","1.56004","1.56004"
"6645","152","849","0.77747","1.56004","1.56004","1.56004","1.56004"
"6650","154","983","0.83069","1.46504","1.56004","1.56004","1.56004"
"6655","152","942","0.81002","1.31446","1.56004","1.56004","1.56004"
"6660","152","925","0.80407","1.46504","1.56004","1.56004","1.56004"
"6665","159","852","0.80064","1.56004","1.56004","1.56004","1.56004"
"6670","155","884","0.7992","1.56004","1.56004","1.56004","1.56004"
"6675","159","901","0.81779","1.56004","1.56004","1.56004","1.56004"
"6680","152","1024","0.83872","1.56004","1.56004","1.56004","1.56004"
"6685","152","1015","0.83557","1.46504","1.56004","1.56004","1.56004"
"6690","164","884","0.82764","1.31446","1.56004","1.56004","1.56004"
"6695","150","1206","0.8961","1.46504","1.56004","1.56004","1.56004"
"6700","152","993","0.82787","1.56004","1.56004","1.56004","1.56004"
"6705","159","906","0.81954","1.56004","1.56004","1.56004","1.56004"
"6710","152","1024","0.83872","1.46504","1.56004","1.56004","1.56004"
"6715","154","920","0.80864","1.31446","1.56004","1.56004","1.56004"
"6720","153","920","0.80548","1.46504","1.56004","1.56004","1.56004"
"6725","158","813","0.78383","1.56004","1.56004","1.56004","1.56004"
"6730","152","1013","0.83487","1.56004","1.56004","1.56004","1.56004"
"6735","152","881","0.78867","1.56004","1.56004","1.56004","1.56004"
"6740","152","759","0.74597","1.56004","1.56004","1.56004","1.56004"
"6745","160","829","0.79575","1.46504","1.56004","1.56004","1.56004"
"6750","160","887","0.81605","1.31446","1.56004","1.56004","1.56004"
"6755","158","1321","0.96163","1.31446","1.56004","1.56004","1.56004"
"6760","152","994","0.82822","1.31446","1.56004","1.56004","1.56004"
"6765","152","840","0.77432","1.31446","1.56004","1.56004","1.56004"
"6770","152","802","0.76102","1.31446","1.56004","1.56004","1.56004"
"6775","153","854","0.78238","1.31446","1.56004","1.56004","1.56004"
"6780","151","835","0.76941","1.31446","1.56004","1.56004","1.56004"
"6785","148","843","0.76273","1.31446","1.56004","1.56004","1.56004"
"6790","153","906","0.80058","1.31446","1.56004","1.56004","1.56004"
"6795","157","952","0.82932","1.31446","1.56004","1.56004","1.56004"
"6800","153","821","0.77083","1.31446","1.56004","1.56004","1.56004"
"6805","159","832","0.79364","1.31446","1.56004","1.56004","1.56004"
"6810","159","901","0.81779","1.31446","1.56004","1.56004","1.56004"
"6815","151","1168","0.88596","1.31446","1.56004","1.56004","1.56004"
"6820","152","893","0.79287","1.31446","1.56004","1.56004","1.56004"
"6825","150","862","0.7757","1.31446","1.56004","1.56004","1.56004"
"6830","150","832","0.7652","1.46504","1.56004","1.56004","1.56004"
"6835","153","876","0.79008","1.46504","1.56004","1.56004","1.56004"
"6840","150","802","0.7547","1.46504","1.56004","1.56004","1.56004"
"6845","162","890","0.82342","1.46504","1.56004","1.56004","1.56004"
"6850","153","890","0.79498","1.56004","1.56004","1.56004","1.56004"
"6855","158","903","0.81533","1.46504","1.56004","1.56004","1.56004"
"6860","152","1013","0.83487","1.31446","1.56004","1.56004","1.56004"
"6865","154","931","0.81249","1.18564","1.56004","1.56004","1.56004"
"6870","175","802","0.8337","1.31446","1.56004","1.56004","1.56004"
"6875","162","1258","0.95222","1.46504","1.56004","1.56004","1.56004"
"6880","154","1135","0.88389","1.46504","1.56004","1.56004","1.56004"
"6885","149","870","0.77534","1.46504","1.56004","1.56004","1.56004"
"6890","152","805","0.76207","1.46504","1.56004","1.56004","1.56004"
"6895","173","974","0.88758","1.31446","1.56004","1.56004","1.56004"
"6900","151","953","0.81071","1.46504","1.56004","1.56004","1.56004"
"6905","162","1130","0.90742","1.46504","1.56004","1.56004","1.56004"
"6910","160","1034","0.8675","1.46504","1.56004","1.56004","1.56004"
"6915","171","1130","0.93586","1.46504","1.56004","1.56004","1.56004"
"6920","152","1081","0.85867","1.56004","1.56004","1.56004","1.56004"
"6925","157","881","0.80447","1.56004","1.56004","1.56004","1.56004"
"6930","162","824","0.80032","1.46504","1.56004","1.56004","1.56004"
"6935","151","1283","0.92621","1.31446","1.56004","1.56004","1.56004"
"6940","151","860","0.77816","1.46504","1.56004","1.56004","1.56004"
"6945","152","958","0.81562","1.46504","1.56004","1.56004","1.56004"
"6950","152","933","0.80687","1.46504","1.56004","1.56004","1.56004"
"6955","153","950","0.81598","1.46504","1.56004","1.56004","1.56004"
"6960","152","893","0.79287","1.46504","1.56004","1.56004","1.56004"
"6965","166","950","0.85706","1.46504","1.56004","1.56004","1.56004"
"6970","152","860","0.78132","1.46504","1.56004","1.56004","1.56004"
"6975","162","1097","0.89587","1.56004","1.56004","1.56004","1.56004"
"6980","153","950","0.81598","1.56004","1.56004","1.56004","1.56004"
"6985","153","942","0.81318","1.56004","1.56004","1.56004","1.56004"
"6990","167","942","0.85742","1.56004","1.56004","1.56004","1.56004"
"6995","160","1114","0.8955","1.46504","1.56004","1.56004","1.56004"
"7000","156","942","0.82266","1.31446","1.56004","1.56004","1.56004"
"7005","159","1089","0.88359","1.46504","1.56004","1.56004","1.56004"
"7010","153","958","0.81878","1.56004","1.56004","1.56004","1.56004"
"7015","162","1037","0.87487","1.56004","1.56004","1.56004","1.56004"
"7020","154","950","0.81914","1.46504","1.56004","1.56004","1.56004"
"7025","152","862","0.78202","1.31446","1.56004","1.56004","1.56004"
"7030","154","920","0.80864","1.46504","1.56004","1.56004","1.56004"
"7035","152","1032","0.84152","1.46504","1.56004","1.56004","1.56004"
"7040","153","895","0.79673","1.46504","1.56004","1.56004","1.56004"
"7045","159","980","0.84544","1.46504","1.56004","1.56004","1.56004"
"7050","161","961","0.84511","1.46504","1.56004","1.56004","1.56004"
"7055","151","1133","0.87371","1.46504","1.56004","1.56004","1.56004"
"7060","153","893","0.79603","1.46504","1.56004","1.56004","1.56004"
"7065","161","922","0.83146","1.56004","1.56004","1.56004","1.56004"
"7070","152","811","0.76417","1.56004","1.56004","1.56004","1.56004"
"7075","159","1024","0.86084","1.46504","1.56004","1.56004","1.56004"
"7080","152","772","0.75052","1.31446","1.56004","1.56004","1.56004"
"7085","154","800","0.76664","1.18564","1.56004","1.56004","1.56004"
"7090","155","958","0.8251","1.18564","1.56004","1.56004","1.56004"
"7095","159","811","0.78629","1.18564","1.56004","1.56004","1.56004"
"7100","152","778","0.75262","1.18564","1.56004","1.56004","1.56004"
"7105","154","821","0.77399","1.31446","1.56004","1.56004","1.56004"
"7110","176","879","0.86381","1.46504","1.56004","1.56004","1.56004"
"7115","169","1351","0.92639","1.46504","1.56004","1.56004","1.56004"
"7120","154","1114","0.83559","1.46504","1.56004","1.56004","1.56004"
"7125","152","893","0.79287","1.46504","1.56004","1.56004","1.56004"
"7130","153","860","0.78448","1.56004","1.56004","1.56004","1.56004"
"7135","153","901","0.79883","1.56004","1.56004","1.56004","1.56004"
"7140","152","933","0.80687","1.46504","1.56004","1.56004","1.56004"
"7145","159","991","0.84929","1.31446","1.56004","1.56004","1.56004"
"7150","153","860","0.78448","1.46504","1.56004","1.56004","1.56004"
"7155","153","909","0.80163","1.56004","1.56004","1.56004","1.56004"
"7160","160","933","0.83215","1.56004","1.56004","1.56004","1.56004"
"7165","166","1051","0.89241","1.46504","1.56004","1.56004","1.56004"
"7170","165","972","0.8616","1.31446","1.56004","1.56004","1.56004"
"7175","153","1239","0.91713","1.46504","1.56004","1.56004","1.56004"
"7180","153","1004","0.83488","1.56004","1.56004","1.56004","1.56004"
"7185","161","977","0.85071","1.46504","1.56004","1.56004","1.56004"
"7190","153","952","0.81668","1.31446","1.56004","1.56004","1.56004"
"7195","154","906","0.80374","1.46504","1.56004","1.56004","1.56004"
"","","","","","","",""
"","","","","1.41","1.56","1.56","1.56"
